x1,x2,x3,w,y,cforest_tau
-.1927109948460611,1.225608658460252,.5436446379359012,0,.3314752101198104,-.0515637508790485
-.2543410939310704,.157940062928754,.8421239079096392,1,-2.549501748070714,-.698806231975164
.3496104133660988,-1.158594602265618,.2990991041969157,0,-.2312157094670864,.1058384753082964
.7965557430364243,.7727815559412667,-2.136756598511089,0,1.169528448728962,.2693786173531829
-.2392664377210121,1.2422244307082,-.338300912313059,1,.3341111246953071,-.0819538221829692
.6987106090665117,1.705108091754971,.6178062938239638,0,1.039761874437815,1.246461294341036
-.3694141766011918,.2736233766965598,1.241678388364442,0,1.510037094571602,-.801019055151527
-1.127376289889368,.557724250495526,.4557500027012509,0,-.6039709006497025,-.973330027631476
-.5366034277189916,.9369014328043387,1.430754515754645,1,.0462452885827449,-.6128444836651705
-1.064817709247835,.6896544477114525,.6046344197653226,1,-.4845158276591499,-.8423816922983998
-.4395410287167443,.7755169188885581,.0106078516430873,0,-1.209899927866177,-.4656749226187436
-1.020769488804665,1.38525539854504,-.9788800559097544,0,.4618881051499541,-.812741320127971
1.282387710026669,-.6520894290111247,-.8295504047084451,1,.7815095638476635,.8821297544976988
.7682065708421855,.4378616807769651,-.3725460616564922,1,2.588497497167165,.7113165478632937
.889694353156099,.7444174424140162,.7345938310164497,0,.2676392458129553,.6666599783054807
-1.940475146153805,.0018990170789081,-1.135774427646144,1,-1.109042587113436,-.9723946109379646
-.4446045360592623,-.3309812000179791,-1.047302143108161,0,.6184036013120072,-.420663125076064
-.3489094314783544,.4681263018967465,.5817882597400934,1,1.536509898881693,-.4358598665739417
.617065062794546,-.8783034745113801,-1.365960951228894,1,-1.346568349661596,.3348115460434244
.1683797184006499,-.1760933679199788,1.542065662185983,0,.92446438957273,.0629854227070049
.3356266954122812,.1704970409309346,-.640969406630818,1,.7260631731235467,.3916529884175419
-.0185771069974102,1.026080459718768,.2358333953786554,0,.5873800084432996,.1110832536420503
-.8186039429860457,-2.192304019082407,.8969344450568492,1,-.6684650788633117,-.2165610075412459
.0417976151143265,2.414319529141519,.6354103318324059,0,1.147323535308682,.2529242676315611
1.276778709887602,.2466969707745482,.7586127907537268,0,-1.395859945832373,1.168258466060984
-.1031159966475198,-.8673153735248131,-.3178637098784761,1,-.921230227926911,-.0479161082795219
1.900055741089962,1.74318336875475,-.3870181548337296,1,3.896633835762816,1.498434594109596
-.3553012526047307,-.4515954709280504,.6691785345493038,0,-.3684599049178357,-.1944638084325813
-1.337502800105475,-.3195835075639644,-.0264980274565316,0,-.7631190243055674,-1.372929538761307
-.2834785418252274,-.9490951022712937,.4586189001710125,1,-1.654931665785641,-.4640145552186548
-.8254853519883295,1.862891177670506,.6951431611722918,0,1.59361618099648,-.7941453619091843
-1.505982302913449,-1.590115607517961,.4573480563318187,0,-1.685114786170358,-.9514988340862596
-1.03610481657917,.5484638060526581,.4129427280263132,0,.4797613043508011,-.9755913656125392
-.5714248720201599,-.0401152436695511,1.898316573506596,1,.247829544952576,-.6725450860406367
-1.712062124488333,-1.116314807502437,-.1866529630620599,0,-1.845807563225962,-1.535050120162133
.3228658330871901,-.9994866021989822,.5743954417962972,0,-.190869575578424,.2181651687647242
.2900228179398057,.951131645788064,.7145265768301993,1,1.087991293992016,.1721471112944739
.3068417370918687,-1.129374314940381,-1.218105158987517,1,-.1087802834197364,.3138690534869988
1.172545355892338,.8558570938875067,-.5964711708124626,0,1.741519288436778,.6601087051015799
.8736367454454962,-1.817897535808217,.213368922714408,1,-1.919452296255248,.7430750614113659
1.143794259635861,-1.308727781450328,.6412907475689632,0,-2.016628841608051,.8664066698709403
-1.26261269767781,.7350049169838149,.2024449405732255,1,.2225383421009408,-1.011546261160841
.444118247517222,-.5346712540471817,1.221433400758542,1,1.14989853712177,.6545822870799134
.5501077283847435,-.4510968000627664,2.703453011901442,0,.7116332956012345,.6032153528047367
.9580026253570655,1.080817160826658,.9562388911983692,0,3.595184702227265,.8676168534845878
-1.028323440103313,.0736124505697089,.1842032581816282,1,-1.647799653894785,-.798157062912664
2.691208235137678,1.237251690190566,.0350778966196728,1,2.083891756921233,1.277418892273991
.4872947427162757,1.917671761177808,-1.233351176050071,0,1.317937091750094,.5940376748621343
.27578692551927,-.2120642777614229,-.5773639578247323,1,.1525613230951887,.4313922589419175
-1.479849988101908,-1.502853239468964,-1.671124596063198,1,-4.700127467574585,-.8694710289934404
-1.208334593648083,-.4160382148901045,-1.296111074086746,1,-1.39415648821328,-.7816406988999502
-.032786945720834,-.3113556029445945,1.728676345277672,0,.8304267393502568,-.2379906344016147
-.1525274032364092,-.507595898988739,.3314427335470128,0,-1.590588360291328,-.1965691442493599
-.6811077145602227,-.9176596536963523,.1881870178476261,1,-1.039372288524437,-.6853175938145952
-.3562892345685787,.3591787346549518,-.8945390859097053,0,-.8874181821985152,-.2737091298287507
.0194113250608215,-.6687709589295373,-.2791197100791853,1,-.0861458531050163,.111613225519837
1.264166134790103,-.3223258679053738,-1.608157884595405,1,-1.618847863902555,.6711353412956496
.9148002943260266,-.964830448750042,-.4714581246952142,0,.4993710586865929,.596659884274527
.4967574505136987,.0542863898470547,-1.119020070035188,1,-1.263344215529448,.3854291043259735
1.680234467103132,-.7626654984064821,-.1452227904351745,0,-.3851409503766481,.8956939927366774
-.3641703984378465,.1782113890081161,.0724564193300954,1,.4193313086677183,-.3605475574501226
-.6526333873452663,1.381101344559945,.158165471553501,1,.7566856995367349,-.6960091225188556
-.7274566146934393,-.7184950823914518,1.246757192089969,1,-1.136066038904782,-.3760890716132055
-1.308542958562986,1.206598370452689,-.579521440392244,1,.4174268039598047,-.8813340339284824
-.9069301809796601,.0704341691535037,.6109013837447285,1,.9760029938014643,-.6184818581384424
-1.019758107880347,.8434403133657722,-1.676789449057534,0,-1.004305353416749,-1.184638311382285
-1.002770784510734,.5109047748995564,.515640170256556,1,-1.832269400325164,-.9090913105140443
.5496117113357056,.2486849182626528,-1.120430574652496,0,1.396048233295977,.3852060343497647
-.3524183084555822,.1601247640936944,-.5509308283436889,0,.9587936552922028,-.2782584333206813
-.5751164471881735,-.1583625381115339,1.68973900228059,0,.5515740744627727,-.5542816705167033
-.9525842531260792,-.5836911472032934,-1.271067661325591,0,-.5926383810735453,-.7392489683439125
.8013865897416823,.9653288381068557,.8742589121897055,1,1.691530435898575,.6441843669633207
.1327956612800393,-.9201732779717219,-1.248683671450251,0,-.4017041878823817,.1390050757635786
1.177663714905703,.9349569435685581,-2.812646607264625,1,-.1851326643544723,.1849104654750209
-.5303220395715615,-.5841310650438666,-1.38308170218077,0,-.095118311104611,-.4910339169720812
-.6070881161233833,.687204444577582,-.9198979757624534,1,-.5044373548586791,-.6330390698722073
.3735397294209369,-.1875174821241103,.0182137929309577,0,-.6351237571927861,.3706831771078884
1.309746480798798,-1.14210795288206,1.344558127939312,0,-1.040680074679189,.9697969449901367
1.173847384827023,.0285052775439006,-.2303083760277007,1,1.898975752321974,.7725587065554765
-.2569845445420423,-1.303172063877692,-.4905903568214227,1,-3.151873291342391,-.4689062486181168
.5653397232335858,.1113239944292228,-1.798531413889342,0,-.2081356043608587,.3740352176660245
.0897031711350977,-.0133751123992806,.5833649478503978,1,1.526991389782902,.0397816426991038
-1.479017161573397,-1.789350859035543,.6020128468300239,1,-3.106783888084534,-.7378334499373889
-1.391299846929943,-.0608619034674364,.8293722910789871,0,-.728254300748729,-1.145270564305088
.0238211538340418,.3233298588120272,-1.101596031786873,0,-1.544516430081986,.1411865808314455
.7198678514598906,1.456427459323481,-.9487375616807213,0,-.2605947192481561,1.057300715837389
-.9538355538106472,.6845312545578212,-.158710566081021,1,.8886628662943901,-.8264660485472575
-.325101111625356,-.4254240653807659,-1.31465054882422,0,-1.194257781627394,-.2383478699213377
-.75780725367475,.2677950141936332,-1.325796273247673,0,-1.18519194509335,-.4931699716171514
.0561294675068509,-.590666140359835,.222565870247911,1,-.3324107552215,-.0780583863607862
-1.69693960013274,1.080235404736151,-.6450056590366899,1,-1.011501083714149,-1.169390907011828
.2629811088374481,.4723286846224038,-.3463674166188609,1,1.555162857653343,.535278692431379
.3393650700339637,.4850071370801446,.8397356664423942,0,2.150350094998246,-.010576412158124
.0930647036047754,-.866287210887436,-.6258309506914502,0,-2.777685041200145,.2275183856146896
1.527665383575459,1.469839806077039,1.427762830969329,0,1.635254903843201,1.773742679072923
1.668253966949523,.4102437906002703,-.4362535674740798,0,.8695557297389683,1.02078855763479
.6491374967435704,.1424541898626444,-.9910681646900364,1,.2583905227173638,.4811149062790706
1.052604172595778,.7329524227397894,.7652328990772116,1,1.583459177200791,.7181091848028047
-.2048180526250299,-1.217652475361451,-.5580961717936068,0,-3.04189852595971,-.2772987591057294
-.8206237443815919,-1.755076394565941,-.2801501873795178,1,-4.520172514282944,-.5954835496931272
-1.494733777399364,.4808583414773586,-2.927299222248471,0,-1.492643600433541,-1.098106128121026
-1.163020886617161,-1.007234648935674,1.044389788208712,1,-1.509381681224424,-1.102116200543209
-.604956929519448,.5479801456962899,-1.503717696581042,1,-1.081076370081688,-.6014884720721678
-.3348679053732329,1.159091410594989,-.2984378412263957,1,.1552905941365968,-.233281570610874
.9749789422015142,.976958989812209,-.4563527869948683,1,2.502557201602638,.7730159529375944
-1.422768324828261,1.458660577531034,-.1627613891756826,0,2.748804766090087,-.8579086305141346
1.183599057917034,-.1630626569013424,.5116009196737534,0,.9006046729209012,1.13712243237545
-1.301701017392178,2.09390817358614,-.6327965744119284,0,1.286697816540499,-.7692840675770505
.7669133222797733,.952228994301589,-.1236721152789304,0,.3765660486931768,.6866545963899631
.6011170676910456,1.181571195337604,2.450625898139747,0,3.556420698683201,.7697057639244367
3.033112042180988,.1396293056353254,.6896127044788426,1,3.371936732390739,1.365628859276015
1.482241817865098,-2.144294816998576,.0484617973513815,1,-2.017913649898573,.8898343303465364
-1.056108029829373,-1.627757514559244,-1.867575880974195,0,-2.69049201254416,-.6016328956995487
-.9230721644490005,1.384215668220773,-.1601838779876649,1,1.122956362672271,-.7370161252196432
-.0312969736141694,-.4616544554942772,.7599522668259022,0,.2190413460197828,.0464033424254956
-.063753066925208,-.3702425474853132,.9574364349486697,1,-.6642687602513602,-.0596087564318128
.9048638011310746,1.519617018605289,-1.134661551996043,0,1.121689197269674,1.162037125212028
.9657439441717997,1.34789181144441,-.9555874957272358,1,3.032824069010939,1.229622053563087
.8199049038063349,1.050136553626893,-1.81887234243508,0,1.570893085796581,.1936721732476097
.196719723611457,1.334250040997463,-.3212601083487137,1,1.740842254144062,.322936504578955
-.9209053002844257,-.8661099476616347,-.9493957750781217,1,-3.563724670811761,-.837079985452398
1.314128197043485,-.187563496009572,-2.433361567040111,0,.4507283868431426,.6774941671202017
.6941717980240596,-.1728706819730434,.7871110424400931,1,.8643202785481942,.8185185717663839
-1.495897745344021,-.3825158105759425,-1.125177731535565,1,-3.209394982551735,-1.030513844305064
-1.553591442939843,1.1513992964911,-.5806780955266777,1,-1.308458111521822,-1.031917414900046
1.425604802405894,-.1870427991370348,2.116667228136392,1,1.478053246716459,1.226994843576551
-1.013011842338389,.1803284542193573,.1655179336082475,0,1.013625899595709,-.945378883219595
-.9334736508095443,-1.125517939885143,-.983603627320162,0,-2.39397355118868,-.7709199156566142
-.1889479483760759,.5670042512757372,.2428296378588965,1,.4862426191669253,-.2395534560973309
.703596915231145,-.8665040413534396,-.046093139715627,1,-.497978308838714,.3650628804361211
1.985735810146192,-.5462796938133738,.4212503714502534,0,.730523908950284,1.090296884868788
-1.302114638954959,.5022573088907196,-.969827940415666,0,.6296507575839212,-1.087453135360763
-1.275591432694718,-.3035085575285316,-.3975865596334024,1,-2.839234982871013,-1.236067121386867
-.852472490097369,-.2213548599616551,-.0439094684590164,0,.5569350804593035,-.8236006702771124
-1.212185504197057,-1.487525186712082,.9685388647662624,1,-2.886697275222108,-.7603273916094739
.9056806272103097,-.7373489461184444,-1.327347977974527,1,-1.952635474649544,.4592898081209229
-.2641098479432101,.5994036158496667,-.1218724376297131,1,-.4636597974464814,-.3240504931742559
-2.006183206004629,-1.769702801070426,-2.207590496036979,0,-3.812518169372428,-.7352799875244509
-.6588742403160819,-1.676689471968,-.5724543186997861,1,-.2806373550256653,-.3807605428893428
.3313981258541559,-.4690298844916783,-.3561499308061999,0,-1.696386760258362,.4152950818489745
.8614384956477446,-1.530290375254364,-.8668247566403582,1,-.6346233874330539,1.11521242328164
-1.470643926343095,.7909326120559138,-.2512414263608872,0,2.27000456756623,-1.133694873352928
-.5441154130420841,-.0923604536434364,-1.936873268939804,1,-.900938169084353,-.388065391359
-.0876733187018583,.4770703465486117,-2.001301288251224,0,.3871441293663259,-.1507341852062271
1.235428556293333,-.1657523373831235,.4248017116815714,1,.674859866073823,1.065492796169563
-.7777261305925796,-.1258906595526019,-.0212607366943131,0,-.5569675202365998,-.6705258807968927
-.0582909466534375,-.3724727248709991,-2.691377050019392,0,-1.938977290342823,.067115591325845
1.085051831488564,-2.2250397116172,-.4221949399102901,0,-1.510534390878285,.9607393831598672
-.9199523102342438,.6195701807194269,.0457792786761984,1,1.287505424521469,-.7937390546493458
1.34938691086398,.721534008067001,.9550684851509906,1,2.364526770367352,.8661097924395169
1.802096558056223,-.1889851158775797,.4391844468452252,0,.8034997602812022,1.304630263363639
1.360150756857921,-1.796058190639409,.6625033607798487,0,-1.250772053281161,.9092117096330383
-2.494278422177858,2.13987605608932,-.3670028219983144,0,.4973889094241211,-.8709257462826633
-.5666006883277775,-1.278171006618881,-.6747802987348004,0,-1.695310726179279,-.6052885918146509
-1.42718929354686,-2.425593138941585,-.8226972921912649,0,-1.795903831311147,-.6390628768646449
.4037709418100676,-.2912936211654139,.2073462742370179,1,-.730462081242611,.3049050759687912
-.5721856318697625,-1.090349938625148,.6014671548356711,1,-1.51048752140316,-.6555975585279081
.6723171689808096,-.3704233450008765,-.7507491033577536,1,-1.158679303456105,.6364400735831091
-1.473851126212792,-.3731771835502948,.5014430058020986,1,-1.943741208797685,-1.540193489992307
.1723950532146155,.7294106919193865,-.7831065136765818,0,-.0220426998595473,.4404997478550809
-.6663782820059181,.833043097854081,1.075037933302085,1,-1.22794968662508,-.6832774478131467
.254560433496098,.5935171176548317,.7586857763061814,1,1.75546410366049,.07584759899343
-1.008198238875917,-.3524128796024162,-1.177988473872516,0,-1.358984729572633,-.6363394532247284
-1.961497496447874,.0421187234875937,.9459666061919536,0,1.96382277087163,-1.235023349987099
1.420500305885919,.5199825288455184,.1056301934446433,1,2.184196778562067,.971346637219209
.4414763536669031,.8585397323529251,.3304391515732898,0,1.129123316037648,.3662427392849388
-.7128392612632303,.8672583949758165,-2.43965211589003,0,-.1688801980678333,-.897219907132392
-1.023112442175028,-.8157746793903903,-.2963175461154971,0,-.3248657887757076,-.7955673813286812
.7133627627916768,-2.09962026627989,.1546060236451064,1,-.7888112180729403,.6472119017483231
-1.156386999166784,.8148106650621838,.9747051512208902,1,.966779345665011,-.8560548517065794
.1688270580398044,-.1619978710947209,.9450336331911129,0,-.5663422059305948,.1760962460974226
-.756379034157439,-.6633666692955841,2.024021307064086,1,-.7640149372451361,-.348796143955668
1.092415185367494,1.349136424067761,.0209313520958737,0,.0439145087394925,1.423118981399451
.2665857551826414,.7995529536863437,-2.749573354252588,0,-.4238622656102795,.1569472875703265
-.2421959512868832,-.4044306343917259,-.0175035950171177,0,.0574481057899886,-.169385725008094
.732724794918427,.7053624080846538,.762547857232487,1,1.499167400721504,.6716559972789318
-.9882713263979152,-.8504668175897981,-.2661296834389023,0,-1.502290447980583,-.7454786746053865
.3769353150990328,.4346396958121578,-.218930892166613,1,1.204735279659255,.6081544533901206
-.2753897444133486,.3061336353018114,-.5841137642344716,0,.9231570642778748,-.2467485877627812
.3777831561185979,-1.804086391328469,.5912541948692011,1,-.9197974094072948,.2568603418378443
-.1971037423267237,-.7608072653709893,.4049519896353589,0,-.6295970115315375,-.3028436451296321
.3907442122745143,-2.382857436789769,-2.174166495928348,0,-4.479216845253012,.599618644789385
-.337538026721631,.0996272365520105,.6866605147433774,1,.4381049387006488,-.541891980204514
-.8489878017852021,.374718923418941,-.9241212456757488,1,-1.369117392977201,-.7379229960901867
-.4736757461409353,-1.006644255350312,-.141167282701923,0,-3.292683163786124,-.3941672217108452
-.5227327157512542,-1.886772731660843,.2957844775003855,0,-2.098094631491923,-.1497216389054508
.0263867038550705,-.0215540772148277,.8369398087008261,1,-1.020918533109803,-.1302713307412945
1.299849549363351,.8442822571540134,.2971834720205884,1,-.2722776170311869,.67396273305086
-.3877328646226933,-.7586928685818286,-.6856215036184061,1,-.977385484978209,-.3899339314165884
.8963301611340528,.4872970397450966,-1.178913535736225,1,-.3112444860501035,.6145190795609958
2.165107209961411,.3826708241641624,-.292973694668132,0,.1582499667396264,1.133647795013942
-.4043364109101756,.0009928184838167,-1.07430798176954,1,-.003432760279144,-.2037431549607438
1.481508306555261,-.3481705736205659,-1.382019073770078,0,-1.724438644645197,.811981520695503
-1.929955290274733,-.8320312633820404,.3000353133552594,0,2.204594955910559,-1.924994644142742
-1.243770613423363,1.687868089611946,-.8853303805885117,1,1.004926906170653,-.7960653087814425
-1.218928086796673,-2.135627417534289,-.9486218397734832,0,-3.637483567796144,-.5611980872745148
.9683085211527529,-.3327377737088845,.3388480964232038,0,1.20562513525583,.7545916730678883
.9893473537335025,-.9549050926960325,1.5362028124801,0,-1.676373503840086,.9289461435099217
.8483690399096716,2.251598477885,1.395409798196402,1,4.880948628768187,1.570588285599593
.3797368260984413,-.1751810086369979,-.5412792657278329,0,-1.050960151541092,.4992330001958565
-.4331629478006051,.7338962388069546,-.515953500704784,1,.7572211368895594,-.3774525864009873
-.2851804740839634,1.286004110266449,-1.123813744882256,1,-.6946113440670703,-.1055490654536499
-.4497945752596501,1.104267010690112,-.9550882037436166,1,.5403722667205447,-.4914348170841781
-1.081562278022552,-.6725532621882609,-.3031106120510733,1,-1.939177469345898,-.9260248480546109
.8846484300155557,.2072445339436394,.7686219498767677,0,1.706151656922396,.7456236364504027
-.9302424780267562,1.271201966798272,-3.208671082841649,1,-3.787280104871979,-1.007102203997819
.0068643914353415,-.213441215171155,2.081957070794448,1,1.245392767816586,-.1750751347461231
-.6443012461758509,-.0491040005825575,-1.138632094396127,1,-.7053855894764076,-.3450876055865346
-.7573151295605886,-1.599694046603047,1.04158800719924,0,-1.609646975886546,-.352475097658091
1.417379361529764,-1.324671654700262,2.97855249933526,0,.932026923527085,.9118507729760242
.8873515803633855,.5390241130314983,.1022999192257178,1,-.6351320379154297,.6637995097904517
-.5139545373057427,-1.902764284696971,.933526815685968,1,-1.9667403247847,-.0240110185754032
-1.101294818046913,.5718611892705409,-.041538916498295,0,2.225863956041536,-1.021556209039584
.5802668530081149,-.9096122158923937,1.031271041509609,0,.2149480163683486,.6132042262003441
.7564960152890282,1.710817076475549,.635637005186796,0,2.425821473277059,1.426259651921533
.5550930558700484,-.541997145963825,.4614355431883436,1,1.89135398123666,.6208959518475647
-1.026315744564287,.2844232013412989,.9109214357701521,0,.7263644943829936,-.9433999447411288
-.2955183536091474,-.0569822178840354,.3509656967114336,1,1.664620078225505,-.1806593957360234
.1617808046378683,1.173797878843453,-.0801479444490879,0,.373800737600245,.3656893332640343
-.0690960840628969,-1.464762885004011,.8079017625477293,1,-3.433137685152494,-.2544437469930574
-1.393397682777227,-.2910729291922031,-.691379011206287,1,-2.044620624310128,-1.204880665745358
.538565183168765,.3889748510219231,.2828053094734234,1,.6683289648497657,.5066280619726866
.7818095574456368,2.086093738414304,-.5995125803955307,1,2.40137370228415,1.176552649000143
.1908304488351796,-.2252034042935797,-.3105041329011674,0,.941924669707199,.3103031539674826
.2326141307326347,.5087381144368178,.981740938948192,1,1.594390205322087,-.0814870035248974
1.348213461118029,.1288681524689963,-.2697611654258081,1,.3504983865240637,.9434840234196972
1.002026954948161,-1.507778957132759,-.1577189541882471,0,-1.070313661515946,.9591948501048333
.7199451573355976,.4367599657495358,-1.591532620099626,1,-1.504530734498654,.4866038709516984
-1.291075392051035,-.9243773972266808,-1.001255758295563,1,-2.509271439394607,-1.060122357263984
-1.023783824917139,.2282339580129457,2.056651924158695,0,2.389281548821504,-.961482355904788
-2.121297722353475,.8881964709598572,-.0346998577081794,0,1.23314744030539,-1.359629557401952
-1.529729629107773,.2070296750297808,2.389926300797351,0,1.273041801402523,-1.062088078357261
-2.204833970713409,.0592315527679425,-.3284065456137072,0,.3815473917834407,-1.05161701476367
-2.7073428606643,.183544874284558,1.068432871036099,1,-1.838197536627799,-1.196188508867786
1.658351703689886,.4141303639371317,.3977382315038808,0,-.2992566388522492,1.20576602438626
.2449079058386826,-1.802543560187555,-2.007420690879618,0,-1.007466109472551,.5173502645797452
.2015329939587614,-.7385683974363616,-1.223788306316941,1,-1.273881951769566,.2033459192419311
-.38069191798656,1.553251439892131,-1.124198077510559,1,1.932271198995545,-.1350126084588803
-1.04817237482999,-.3573490179726284,.4171982927035174,0,.3403740968385748,-.8903439236881912
-.0723811479717014,1.335843068686056,-1.325529232063485,1,1.710022512526542,.1461434279997498
-.1570448655644349,-2.309505353057267,-2.514689164729642,0,-4.054302253356918,.2727466338303026
-1.363662133948952,-.6859502498643533,.2781976827473083,1,-2.530096632687294,-1.666531448120753
.579546207660382,-1.724815426501057,-2.600660340605826,0,-2.36119530612956,.7755569440358201
1.678915625867171,1.41020929197079,.2893824168992721,0,2.79230769371086,1.588700286991953
.2098331585072502,.8520802123382685,-1.372014658917542,1,1.175442897880676,.2025231829995502
-1.295972654892901,.4514206313164468,-.785123340477186,0,.4074487093587181,-1.068284968830941
.1649474268903293,-.9595921033746202,.2989752769920185,1,-1.999186384002327,-.0669455680800459
-.9926443885933882,1.118184080712312,-.0811227166445731,0,.1804939493890447,-.9167824353237246
-.6908075962418478,-.81888030146552,.1814347664019259,0,.0288459154283184,-.6795354274158145
1.966383853917187,.3704026356541755,1.029922050030363,1,1.496868416925071,1.081037003915537
.8475485651750232,-.6201408647191955,.5184284973060885,0,-.6534904272420239,.7197195775070898
-.2233267235214321,-.2161218212431927,-1.166087336882984,1,-1.05826131328688,-.13361918259325
-.3256809971515478,-.5126208697665027,.5908554978574876,0,-.5998352507675588,-.2218938703629277
-.0327740669840786,.445811727415618,.0827845593583516,1,.9402753869290241,.1304811173707972
1.357822980079515,-1.991607612235035,-.4360738581309982,1,-2.514708007246548,.9974724962568422
-.0783393396111743,-1.252266816404139,2.511251712824552,1,-.8981399270895681,-.151958317659354
-.7093436725373039,-.1265655817602695,-.053252994053272,0,.2313703506853421,-.5651131410366238
.1358531722713215,-.1609006753512292,.1375152846501081,0,.1753487075794655,.1635580326967925
2.01027734168807,1.316216236874068,-.7703944019854345,1,3.699345537472793,1.331489816932537
-.3156842896145129,2.246696170282218,.9949437140918552,0,4.145415758780358,-.2057319419557158
.551977134518022,.1638446451516542,.8808513200732863,1,3.860893716025652,.3395738442927159
1.179716796801328,1.374180971674417,-.4621152841404521,0,1.769549754777154,1.371114756031016
-.030249293486458,1.010856171850604,1.129667688210801,0,.6076852193869016,-.1598186504568258
-.9306040798609413,-.2449678069467476,1.374114870917642,0,.6287538045887937,-.7414407507693879
1.67979275789139,-1.487327106612502,-1.03659530234003,0,-2.941174663235389,1.106297298677976
.2521416020699456,1.746644659772879,.8252466548620838,1,.805723226801363,.4288204448882986
-.3749949891716287,-.9852576005737609,.2513087773888674,1,-.7087888101887845,-.500765666857689
1.259201958231219,1.049149664673193,-.229244803478692,1,2.642782382553051,.8806458265918122
-.9639404721597105,-1.405571710711209,1.756584444931792,1,.4198943401514437,-.5091176007774751
-.9244101389746308,-.1803340874983416,1.477846670535618,1,-1.894884375054661,-.7676539970612696
.7130166179205402,-.3713236395788476,-.7552886984048519,0,-.6018534118603339,.6562943187571068
1.228344371992687,2.039412423917565,.4218050020385506,1,1.858965331792661,1.566068380475075
1.046686617863771,.0375452444523302,.0830076384295247,0,.4525193166875928,.8271386215506444
-1.26495447465257,.1209588178519357,-1.154042022856229,1,-2.704217032480726,-.9087684991270826
-1.016346455141748,.027234423122593,.8064442883224522,1,.7741739982820497,-.6908407516897185
.1591933180667464,.2866925526000436,.1471051654042158,0,.108882997822613,.2158964108425134
-.4699142886757499,-.0780619347522709,-1.744522509072981,1,-1.67497382417566,-.346835345863068
-1.10237861638637,-1.074671203409368,-.8688676485837756,0,-1.826155745742174,-.8205696453147597
-1.367822347292702,.8374493160056447,.2973451940960413,1,.4020622955421422,-1.076169820762179
.2439611147425003,-.0707318527663125,.3835618865811495,1,-.3674172095757148,.1758436170065053
.9867474855272884,.3350372245400762,.236480720571981,0,-.1348363992170781,.9930853997873621
1.175699792006821,1.28861967054913,-.5176487080300366,1,1.378971276800945,1.174968842886552
.9580810385457097,-.7874375922484881,.8060404248138188,1,1.287495655897884,.8991048744182134
2.372269030825904,.5047801420692394,.0713210885213263,0,1.606829835032664,.9938902409406754
-.7987062314154884,.2833516952810143,1.473287209044733,0,.334075911247428,-.9081810284139958
1.266603235738497,-1.008590047855952,-.1688060931637031,1,-.7475344043163112,.6751352778896551
-.5654378690290156,.5006256321662679,.4573811970948388,1,-.3837521676513616,-.5152371694173833
.4990756288259111,-.0280488433066638,-.0654543493282764,0,-1.417532941411632,.4919393667293105
2.311568667896236,1.032823391391487,-1.64004960927803,1,.2847148998589564,.2958985211188365
-.5905264474326766,-1.060251126420081,-.5291286061804235,0,.0582325771962267,-.6395107781356337
1.125070201154789,1.668743179372494,.5454365328528287,1,3.754809711795554,1.590667808204931
1.133819955906779,.5033630946923829,-.0325177608717534,0,-.5266078201615567,.8587463846683683
.2942086471149642,-.4721905154253305,1.40218540391461,0,-.1605488491469771,.4481478031384031
-.5401351539087765,1.355352570870621,-.561842107880855,1,1.655444869873287,-.3697663664253328
1.661532247914859,.0297743665899713,-.4451367521911861,0,-1.104456897813177,1.044275265710698
1.23057487917463,-.2721951445932095,-1.690203470833888,0,.385011661117828,.6567775104141558
.7449216443021976,.1445686709779701,1.158315219169568,0,.5095165119953958,.7044194920747584
.2122273684551838,-.6830463197855215,-2.744738707870477,0,-3.327690923390764,.3066201000478297
.0264976787981053,-.0244110884836029,.0321404589259714,0,-1.190024574637387,.091148320366001
-.8571094353056369,-1.508592151677874,.3651271196930027,0,-2.710603108728538,-.6667599774763531
-.1567280194779772,-1.408374546907959,-1.61342391080846,0,-2.703008055725955,.1510664983677676
-.1307982346230511,.1704519791794161,.2465361295444174,1,-.1347031416660578,-.2866513115550881
-.6656314859638676,.0977098375860436,.4273584936148755,1,.1574341158351362,-.5443068626578713
-.3082587431312808,1.030838025545914,-2.048327141534419,1,-1.062704600365812,-.4312451256279691
-.3251924976768348,.77152037404505,.1661103131342711,0,1.490797785401993,-.2914371543656744
-1.00599579566442,1.144955203269344,1.145337050900934,1,.5275390003586318,-.8581289418539986
1.928872593554334,.406995945489169,-.518230619830931,1,1.316487139900221,.9406818538863135
.86506118245577,-.7558396416133605,.4106828833831679,0,.2217898011730388,.6207887314527106
-1.185499441440646,.3969354940557741,.2563740514606077,0,1.97434216514302,-1.048106184412622
-1.5893827983214,.5986103269803218,-.8065240833143263,0,-.8930987059097183,-1.187394089833498
.982101703848014,-.9632989050449693,.2792689406887812,1,1.134649823090543,.6314534515869987
.0435309835582915,-.4345563983559954,.0931338472434882,0,.1673765579384309,.058992259485628
-.7847374883912428,-.1179137924489199,1.418807383985037,0,-.7982426232113662,-.6676613779960112
-.360816809889914,-.2659659394381511,-.7596761694862503,0,-1.386631838110359,-.3470346605086354
.0515061323987142,.0427861356711966,.113182943225644,0,-1.442867822530575,.0917548201572663
1.523459256033126,-.0979176190116528,2.220508605087128,1,4.024398594777747,1.327352603311821
-.0623345799319096,.158065823966479,1.504605283886332,0,1.484002277967281,-.5583325423980863
.4745508646181736,-.7640167259237125,1.020664097587279,1,.012670523091457,.5538883582850986
2.124953626714824,.1835346025823129,-1.634775330024461,1,2.854389042098023,.8661285156530217
.8532992218219729,-1.685697033421834,.3457554291744256,1,-.0501460218615357,.727444182990217
-.7673362009305226,.7235373842899377,.3249373383250065,1,-.0210005415544282,-.6537169879407914
1.601499494492428,-.36969703866754,-.1060332381275068,1,1.630108581826172,.9805471820714635
.6720400676829568,-2.408012531416106,-2.204447442633039,0,-3.474639910895564,.8420302253748444
-.8808996904169227,1.048513827289554,-.8723819042557545,1,-.8682319745447351,-.9914727700384318
1.333614609535019,-.1207063167045015,-1.01324108712498,0,-.4447041325246185,.8074681470755627
-1.864697607490131,-.1399309506285258,-.72181111657435,1,-.8489831562049648,-1.274110294240963
.6150414709294774,.1340461160120085,.2979777657321456,0,.325160015035067,.6553111077249996
-.656196589209434,-.3347336831138147,.863545915385079,0,.3086491119479877,-.3329860441023915
.7142153373831051,.5188144788779501,.5892232337904165,1,2.001949637721768,.6475829082707873
1.982615794123341,.6469942004832976,-.6232445879041338,1,1.386910453559785,.7512691283145074
-.0196008947369116,-.6934794605318674,-.7058284122289189,0,-1.131518350150808,.061552220354308
2.580442882806354,.2388614275336843,.2831428251686541,1,1.797482874237338,1.358081870815765
1.155134584263655,-.4662059946479625,-.6299828864154726,0,-1.103624194118792,.7894498903837983
.7992857569722056,.0812629944215604,.7139359027195837,0,1.156846306052662,.9394323388624795
.7401052676243309,-.9542911416698421,-.7754581919775929,0,-3.459734733900711,.6129448303633069
.5595253938156762,-2.276698984528684,-.5626680552515319,0,-1.350522786853722,.6362466959928672
-1.010116588762652,-1.170324001528237,.8234402494441717,0,-.9322140917479673,-.8462916610791771
1.365892194301163,-1.184799565481599,2.295200880465078,0,-1.218172130185131,.9273544530319292
.2350977872022458,.1249758916714047,-1.189714304486701,0,-.641063602521819,.2845664801252664
.7421170804392581,-.0155525924077077,-.1749058001048148,1,-1.766157376900386,.4875130951219233
-2.784698357258695,.5171784086875529,1.983584685199221,0,1.632666545068242,-1.229496412804053
.6910327630977613,.5939478455377439,-.2724735315861748,0,-.3190428619964855,.590527153050894
-2.103841124132348,.7799783514056682,-.1756031871390684,1,-.9370812307123733,-1.30333210100455
.4999491860358719,-.2313102439338917,-1.415712118230522,0,-2.687221617098422,.4529130417902625
.4378453754806184,.7967966877353331,-.7515234664132877,1,3.226572071902485,.7123144418000393
.3157666665636626,-1.698144855208664,1.548475242299924,1,-.177107798828552,.3134333778406102
.5288386870069226,.3958035302270456,.9108270591742863,0,2.123056700323764,.1227884646217432
.5488556498457552,-.4275880353636843,-.5202650385036141,1,-.0935004865354181,.5639969343420864
.1461124625979943,1.68842550884321,.5384409726528855,1,2.223465418034249,.3098058450009429
1.129391061359649,.9710221752186036,-.0501347033476497,0,2.198917286429356,.8102171931727082
-.3849117046142096,.2182065013341223,-.5508855079949511,1,-.6618374182821669,-.3429281542270465
1.240593796389496,-2.325971524674301,.8225791789704212,0,-2.71803344957165,.8945128099668211
-.1122930227904477,-1.0662791756625,1.868325195812488,1,-2.010641247595639,-.1915671373494707
.0980052597720712,.9961115626987879,-1.220021930569903,0,.9782405803067408,.0547245700694512
-1.046694158269296,1.554523536883086,-.321449140159317,0,.1473253222412783,-.6621466696137763
-.8122867096932136,-.8425998905161708,.2081921360613628,1,-.5897533699722322,-.7922956930648817
.5160566732622631,-1.340794769516053,-1.893523470172575,0,-1.910730682598108,.5580358344242602
-.7426091806325317,-.3136387321702407,.303741937871521,0,.2307554520693301,-.5031011776665235
.4461720965896408,.273095753192739,-.7573524056345786,1,1.547987445766474,.4933692498876715
-.5625162810429486,.1317608505847287,-.5036500969294004,1,-.9896039353780286,-.3575349855827792
-2.475068247245576,-1.411258494172592,-.9672710028525902,1,-4.138836860231372,-.8789459707494167
1.004378683977218,-.3997722045761048,-.1570940575334401,0,.1463375437913991,.6264329766224397
-.409539506942267,.3197177220514794,1.121618675100193,1,-1.357548765826341,-.8330814686413859
-.2610411405098639,-1.184449600754228,-1.848224993569148,1,-.2130600809565033,-.1243145743773848
-2.047437843386368,-.5559075258244848,1.238417438595216,1,-1.23086281753083,-1.585709038648818
-.2762579995874165,.5573938420293136,.398927242354293,0,.3894306008821519,-.3661971218140254
-2.374537134457609,.930241466292645,.0699085820848704,0,.474812212321464,-1.319074693478119
-.7159400836645086,1.302480887430179,-.3470276491740996,0,.6919711777968078,-.5821946413049328
1.219777250601079,.572479654248345,-.0750486622383771,1,1.980149136658556,.7854461160300801
.6645503810083989,.4170233487072966,-.546884013854863,1,-1.072259046114016,.6125670421078659
.3572506419874861,.1646134378710929,.7555535466607721,1,1.111298067265122,.0943589434757381
-.1652570795202494,.8491275993300581,-.809160696754452,1,1.21141479310718,.021682179079079
.0814113123884813,.9432168084650575,1.701245763623807,0,2.852082386256426,-.0529938831560446
.2055919542959015,-.4207985328825984,-.1355116583546712,1,-.4967542572834668,.2957801822098815
1.613897542243264,.3165917190988349,.6056685684250809,1,3.186392990319021,1.281574958181158
-.8746793576689524,-1.219404842148034,-1.385995165077731,0,-1.689777525082552,-.7244231700057848
-1.27098284842777,-.851572049806597,-.0851170765290707,1,-2.399487755489046,-1.3719960992866
-1.945350335968543,-1.248658412987353,2.41795449513039,0,.2035884142905897,-1.181341343990371
.0335062266257782,-.0882158526699813,-.0096324003954465,1,.2033764295248319,.0988121821255893
-.7275211753310875,2.31955422812275,.2345529285361646,0,3.496497427584426,-.7376246021024842
-.1519981565878379,-.0287437524857217,-1.204010131033026,0,.8333847624759361,-.0714236169110518
-1.362505143065378,-1.873179990276787,1.712131184815513,1,-2.710863869174304,-.6313567069333992
.2553051624647246,.2937370381502979,1.235038879368825,1,.3202129965036858,-.2376270044890054
-1.185049678903993,.9891052218341285,-.1637117930819474,1,.757451717504011,-.9484042877119876
-.3515046992713184,-1.027787900482458,.9119872145801872,0,2.326196734440966,-.4322139336118154
1.229980981325554,-1.124151267201934,.7138521933764193,1,.916704503948388,.8845009404730226
-.6497577341590068,.1278909895899955,-.8292158197344219,0,.0975251530061199,-.4025776992827506
-.1667214170070656,.2709653458080617,-2.381341579329287,0,-.8796981509502944,-.2005038388534602
-1.344419793382475,-1.465478042881185,-1.791738133641086,0,-1.133142374825202,-.8374974847090195
.2917000520654008,-1.1640394293359,-.8603017139290753,1,.8520458549822474,.4462798670518127
-.9656069833388592,-.5999961574885289,-.2372323732748078,1,-3.336060928234643,-.8238466159113109
-.4032042882556957,.8524873672385173,.6151972173316879,0,-.041127031678001,-.3229567138686849
-.438038797252667,-.3008087197065969,1.089688931826516,1,-.04156644574912,-.3898013866995221
.379160557991352,1.4690815673201,1.697388522300156,0,2.259908818086512,.7170890337970439
.25279719370611,.9046932835646239,-1.073074640747478,0,2.309055065798653,.3355392867823663
.0057008024930236,-1.074747165688569,.2407022069750773,0,-.2643492464579398,-.2248362721103874
-1.264827963868008,.7458687304233831,-1.992606796916505,1,-2.844011059726451,-1.290611176402202
1.139283890042275,-1.174139995685615,.5327169420031201,1,.3334471459499119,.712886889516761
-.5816187434417563,-.3502918090924177,.3925782229393123,1,-1.300381225984975,-.3588866343343495
-1.232728711398966,.1277515646593732,.3785826275766865,0,.4191265349844059,-.8433187357714427
-1.362200005920539,1.093281450358847,.0097699484367978,0,-.0982254838673178,-1.077117941319944
.7713516442599078,.2015391306346404,.1824293206218356,1,1.371283074105042,.7909736838274235
-.7757693553856313,1.859771944017748,.2162856345992115,0,1.184442153561179,-.7929931758680213
.4476202723595046,.653566954739411,-.9213518221391507,1,1.244852448247169,.5685854858366703
-.1056121281222141,-.0763353123404555,.128983970707866,1,.4229232657697749,-.085523269637393
-.1676960991410668,-.9335695642629622,-1.89629436749008,1,-2.527756158994484,-.1163744470404224
1.385122036613822,-.0795375225039447,-2.10838092611385,0,-1.609015006776299,.7636915433859288
-.3633962488287907,.6121947089282183,.1328709904051742,1,.8634456193836226,-.3658977000050858
-.0694429451346557,.6842479011259529,1.652396606050665,0,3.898284336363686,-.2013820787831433
-1.506570416988356,1.047118642657845,-.3955386016982091,0,-.0452424339758506,-1.02434777770484
-.5889624273175235,-1.882401918659461,-.1966286723703734,1,-3.717632827474186,-.3515794021145897
-.7591490061469278,.0128639254290591,2.548927836867429,0,2.331774415924849,-.7887548720756841
-.9639804109897329,.0893636115475154,-.7581484863326445,0,-.4896539545760709,-.7251758650203475
2.341936094567067,1.007704808305198,1.025378300951218,0,1.462613591622814,.9654569052816528
-.0908014461149278,-1.85256916774418,-.563084199055823,0,-2.171725111830941,.0902928101607836
-.1141780491159027,-2.495027913367073,.2853515524886318,0,-1.123954885945252,-.0766360857170723
1.223075849884749,.6839008711237174,-1.578829877632609,1,1.541996124796444,.4186683388885277
-.1208903054967288,-1.437970397683668,-1.757112373544611,0,-3.495906076960051,.1776937285323363
-.2729771994525332,1.87709477258169,.1857194243303672,0,2.492863116576268,-.2124453458467483
-1.622204213322458,.4823164929851854,.7818093442826575,0,.8383566372455805,-1.070003912040297
-.1601142224094501,.423918215593074,1.310166953646115,0,-.0581418366681863,-.5466035143789811
-1.729220207310388,.9532733680204769,-.2118961144317689,0,-.6148205883751332,-1.261750756589366
.1061177335585367,.5796860459652459,-1.767286818647508,0,-.7449765049312232,-.0799686648894398
-.6147864396052634,-.3418631343000298,-.594387949448794,1,-.4965538198932247,-.4602074885234633
-1.278235283902981,.3005006968794389,-.0285297103185351,0,-.2052007562878522,-.9371499111869432
-.6468971854850032,1.766645814909802,1.062475631191134,0,.2620343981940798,-.6894042500252928
.3491142405240701,-2.171373480072886,.380713594002983,1,-3.124415605106766,.2704401838311266
1.463865065748444,-.3446377053947384,-.5328833833751605,1,-.0091094190095781,.9713968819015375
-.1572664651354494,-.2311167274195968,.1012713685172394,1,-1.010459063665728,-.1761003376715937
-.5380670813205228,1.012035531690606,-1.629805604028388,0,-.2244654866481793,-.7071716640621638
-.147631709001458,-1.552311350771267,-1.355272830411718,1,-2.066029684990918,.2075564328158483
-.0201670687147928,-1.071661973529494,.8072439542432596,0,-1.057026100454604,-.2457531367295251
-.9967579577280119,-.3018361016426656,-1.027768350205716,1,-3.16057186931308,-.8017025440118153
-.5397428181807638,.0049897684223938,.5567725366790636,1,-2.26169506851239,-.4752237104299148
1.470367732445675,-1.132916724809024,-1.006761445680643,0,-.2017978389520758,.6897568097151932
.6895819210582981,.6243022382489901,-.806187166334183,1,.5581434946827781,.5889502539917553
-.9699191391714402,.3643265451358656,.313452697940089,1,-1.583822793454386,-.9592744395897784
-.4270691863174026,.5179768808267611,-.673214100826271,1,-3.207271286270395,-.4617900966753309
-.3754379443107034,1.570151299157162,.5202792397366923,1,.959567148225178,-.3148790623153461
.6379361459616325,.2477166845182959,1.552167138273481,0,1.505810774994977,.3402786600535248
-.773682563492112,-1.676631012105715,2.805535814967034,0,-.307842159056899,-.2721578851592157
.8958364102412433,.7303237431016821,.2876025485733884,0,2.313207279761987,.6151403942959437
-1.322607752076181,.8387059682836073,.1120402820383919,0,1.004153240602665,-1.118114404418753
1.405952518853273,-1.16946497104749,.4800777199017451,0,.9163326135961667,.7476000321730046
1.007603965124703,-.4910549799337532,.6461856452911455,1,1.473969169232104,1.015361767448754
-.3557427961915918,.1943824163715329,-.1597772794312739,1,-1.1459327501277,-.3784656421274387
.3000387440186041,-.4209778029740678,-1.992997212179639,0,-2.90797942710069,.4461475609414576
.5301652689401056,-.0638967316829035,.4265952923731898,0,.5498184030719157,.4690141876109395
-1.743665484598325,.6276321774447507,-.5884401020225311,1,-2.300432067450141,-1.18645908067908
.3958430403628709,2.219025386990605,-.7313134457391848,1,3.16029295288506,.605761308490639
-1.590503750830273,-.1404384609721921,-1.251811579416975,1,-2.496887486627169,-1.053231517381703
-.4635450278838726,2.743445772679871,.4224104074123103,1,2.356923161091556,-.3775176546501267
1.561869793020389,1.566879130058963,1.788119266728665,1,5.381434148957286,1.813010173364739
1.486077593765771,.9651837292608367,-.6351338892045366,0,.3599329894908592,.7218094953266814
1.392480302451774,-.4808718741671194,-.9891444200818222,1,-.2948163507249046,.8143161671984684
1.410399627040069,-1.015846780855573,-.6223137540000355,0,.0949356338088592,.7801464176661784
-.6535552417805938,-.147937190227965,.8717725207629889,1,-.145769213486892,-.5401042831893424
.5658036553062715,.4583798954115179,-.8007630628765449,0,-2.28944580126391,.6083419098007794
.0118694444593708,-.2503876112096153,-1.383088015820149,0,-1.890695945872058,.2030905878137554
.5295607354203944,-1.100890895155283,-.051123679037811,1,1.041554902986628,.4251762840173023
-.2882248176532359,-1.350752539591379,-.1359388981828825,1,-2.13540225768817,-.4820644753879515
1.95139637150816,-1.087900966654482,-1.619315732571893,1,-.9388997508201484,.7020783801831996
-1.18138762155826,1.027156466439447,.2557444094398235,1,-.3879820214897478,-.9918700657957469
.3865871432039457,-1.251984704653285,1.069728532879806,1,-.2236122939440313,.3468956208519772
1.117243761977103,.7426612685465463,-.5519862247540603,1,1.857139635187576,.6973411761435362
.339210489254872,.1055202716117949,.5617837968952372,1,.4589285663830849,.2363643877831247
.7747815836442823,-.0866806921810163,.0122707854323595,0,.1816673604958134,.5824497375520283
-.6595400187969656,-1.982528440007499,-.4298071083535593,0,-1.087662331706199,-.393184951902203
.0361039362054507,-.341613767376844,-.0558138004002006,0,.6787694601263322,.10372209696666
-.9357774502585832,.3568489912322096,-.2642456796523743,0,1.003716383031874,-.8274203993257103
1.608801187101394,-1.282674021571751,.2179436445811914,0,-1.108165892019723,.8463203021904433
-.4571164910262024,-.3480830331395524,.1800883366170671,0,.4154491797417512,-.2992479465007148
-.9589976513727287,2.202487794025722,-.2900145712883625,1,2.072153367029614,-.6395846348253564
-.7860905254709512,1.246477334880371,.8739537842707625,1,1.516696931303793,-.8211605027877513
-.2810504898588683,1.751731937764299,-1.454493644955754,1,1.489721812998493,-.0891717012570767
.8044204018737364,.8525567767657439,.2879677546321491,1,1.866526700228984,.5939426233930991
.9534986352462342,-1.017417147079415,-.6879330624930599,1,-.3263062470585079,.6882003698032965
-.1662942148549929,1.041264610394758,1.04887004127635,1,2.873966904588007,-.1638244875602419
1.904088887146975,-.5729811049776119,-.8335933730308011,1,-.4114678138823125,1.048578665853324
-1.161780261871174,1.372837467161126,1.427713339511148,0,2.128961658352864,-.8242684580848212
.4238591790687622,-.5186122931185455,1.409513816163872,0,1.673991083420051,.5281849238154502
-.9972527599490287,.4606302827778579,-.5718107272526043,1,-.3466848053945149,-.8789309631564123
-1.823815674127546,1.069093940384669,.3288344500832316,0,1.147835296749423,-1.267424495786651
-1.435700469581702,-2.057928252930287,.3707129835161618,0,-2.1947034011287,-.730716753327493
.3366512535554627,.0271533675956002,.0613985981886514,0,.7649890800932293,.3573352577407449
.0862344516586017,-.1590644819200144,.8602262431869907,1,.8968423505464848,.1006381407808051
.9955479965135776,.0068011761317843,-.7942110511824756,1,1.990166204691941,.722317700097404
-.3827157604528781,.2459853832071648,.1402285413837225,1,-1.855279450129226,-.4497680115208384
.7355146529481704,.6350297607837306,-.5047914053586469,0,-.7258921696430205,.6529168981968061
-.6537659193761973,-1.140014675677127,.0920805460413265,0,-.8805920787165079,-.7412869102376125
2.917779351348798,-.224879435087672,1.051889222601583,0,.7856636710641383,1.327807160659519
-.0529904219072445,-.0157630329351334,1.295133100295984,1,-.069226011158793,-.3679719142078726
.0579612898213516,1.099699735530471,-1.083725226642488,0,.7992905927058243,.1488468528925337
1.46161970744637,-.00520759890316,-.4268306817396466,0,-1.162965949837893,.9993310627259908
.0509233946996129,-.3647591125156806,.9688582580981315,1,-2.20396007733761,.0478783552531759
-1.18785198419357,-.1985508858936188,-.7142113813403085,1,-2.374216460231986,-1.092034491988249
-.1758404088157353,1.84784881919947,.5763110778443291,1,1.331374356289988,-.0503457622171291
.3885707151669063,-.3953723553896722,-.7762617634064224,0,-2.178314337307858,.5170725799792693
.6959241774516679,-.7869149235045366,1.042508862583291,0,.9654616770765629,.7381901896592465
.9192644503595628,-.0384964829407511,.3749305772238626,1,.9106036179557302,.8249419948079393
.8198496526258676,-.1105055727858103,.6686306538286787,1,1.659046317905853,.9857447885474999
1.135989081918879,-.9864332821784273,.3811386615542195,1,1.541863801389838,.7636790286698447
.6907237124970234,-1.235078796760846,.8307645294714336,1,-1.169037303724555,.5390233989911171
.9282226850070558,.7228829538465353,-.4444171486792148,0,-.6484077493591585,.7561064956619845
.4798732361295881,.7935997002694974,-.1831499271638883,1,.4405575587430119,.6005028597764623
.2452772982482642,-.3430686692417575,1.959574801959695,1,.9986143945971758,.1579144113848577
.4388625469060445,-.1605112037485776,-.0601683870731849,1,1.326373546558186,.4764317057905709
1.190309769800292,-1.114830024858884,.6001904546589939,0,.3836846900439641,.834584412596864
-.8355185279361366,-.8006613938490265,.7563787912046011,0,-.723446459333139,-.6198470506451756
.3357329540760269,-1.762884488095109,-.0463958195849758,1,-.8998450718184701,.2916610155646162
-.2901382530738019,-.2946677951643113,1.666769934653229,1,-.2487811178917559,-.418768029418611
.4181813446462017,2.243116376751255,1.095134918560527,1,3.331870701275301,.785486399500865
-.624848017588406,.0248922112533705,.316795901833164,1,.0466912330213986,-.4595004836480294
-.9206939213216462,.4391967429167681,-2.161559846012102,0,.633945359147472,-.8590229464040087
.2985596390385021,-.3018566777121965,-1.424421871409501,0,-.7171537175376226,.4110851730081742
.2247317772695261,-.937208918194762,-.6083180588566635,0,-1.988114315852336,.3084429286578771
-.6408336255014707,1.303772539719325,-1.202669353069182,0,-1.625570213587103,-.5937261553911299
.3017651495722131,.3862038573577076,-1.741308227702929,0,-.761975902407061,.3036763057949252
-.076345058727235,-.9208564937624794,-1.000995866469062,1,-1.185474988602985,-.1623972828170501
-.0403979848150359,.2549453747564103,.1126978475563223,0,.1072422223566551,.0045079188430164
.7915478780127774,-.6953056853598913,.4634394266072175,1,.3790719060668233,.6571299229444754
1.779329025695795,.6384851579516427,-.0192164180877165,0,1.56065191970671,.838346560448969
-.0376122674704168,-.795287037400745,-.4489477590492948,0,-.8510176992745417,-.0345522342971807
-.9234254607786999,.4078069595377763,-.5966110183288771,0,.2530467536738144,-.8164529316327508
-1.089800170673156,1.445764548398398,-.722795034976639,0,2.220201546334928,-.7914739328140272
.9398735601421195,-.7573257971258367,.5892223725522704,0,-1.416739709722105,.8064205259045868
-.1407338207465755,.4156720343588959,.5790344565738546,0,2.376119304964367,-.2536129680117449
-.149899592795928,1.198667581968414,-1.199454916438176,1,.7249656167763161,-.0053617636936216
.6303415531046429,-.5384766982254285,.3429925009749784,0,1.13091067806209,.4988647678711648
1.558103887206234,-.6320097752695831,1.197656929328658,0,-1.920749089081063,1.202881381003171
.3561381140885801,-.1845751565975008,.7798383365387478,0,-.8549798913420995,.3889387194796697
.253702361754463,-.7225214095801156,1.416227398093922,0,.065180927534582,.4443138420356078
.7664037071565033,.3625492688104415,-1.254621187961623,1,.8333697935678033,.6137561120776319
-.014771218662825,-.321429324937652,-1.156480377074233,1,-.0072821795689407,.1328548479815757
.0396431284186592,.0331384759803611,-.7722649341141488,1,-.5387241536452876,.1432390266039032
.5812276664977305,-.345658326946138,-.8868974576753655,1,.4547329206328999,.6503865660767152
2.929863213315568,-1.007128733170372,-1.561918532233556,0,-.5498149062926885,.6944436852899422
-.4548807405293407,-.8112074889686223,-1.703282732164133,0,-1.270793886989809,-.4614731488054669
-.9628141921279408,-.4605738572990306,-1.386631160321589,0,-.8838308409223157,-.6124695575716301
.2326220563932184,.0966358146572584,.5997137469213977,1,1.497140891721588,.1322917020158698
1.22869339804816,-.2473963499191756,-1.125865458980499,1,2.106013038580744,.7578197866998444
.7093400111412557,-.102334328569009,1.154751120547038,0,1.325813454170301,.8449940370489466
1.537736657216828,-1.717100807312685,.1093472023578068,0,-1.819867461350656,.9853545580003966
.7020859561483377,-.4147783553414039,1.363536659525304,0,-.7444499356129876,.7855166933634847
.4244975081100433,-.120655186581284,1.625877276062765,0,.555907430409087,.3050622170091459
-.3442701556022753,1.843894959781881,-1.45461223981079,0,.4408530983355201,-.1446483149414601
1.238134060638195,.2068320045086968,-.6370118901619222,1,.379018657690484,.7800637649377552
-1.596764019367098,.5715651882520352,.4330142821497424,1,.5078754160105571,-1.109243734251758
.6351170936182292,1.130840638771173,-.3807487294788774,1,.9064238460641987,.6537940257794561
.7620374586291323,-.6591702325838178,-1.128212303862662,0,-2.634468370474277,.5218915615769411
-.7900298973060825,-1.001127778280458,-.2070672826296455,0,-.412662589266593,-.6873695538512248
-1.603185987678932,-1.656412357648384,-1.015238658879944,1,-4.223906281956422,-.7864585350226534
.4093995380547865,-.2631508408486664,1.326713314365273,1,.0463949208200874,.3222805369081335
1.807805912582086,1.503434063041949,-.6400850194864504,0,.6320938577513001,1.4167117464411
-.4544342571338248,-1.503010119225207,-.6262776000974615,0,-.8115159967980652,-.2740562393343762
-.343500550525721,.9507546103652175,.1898424927853499,1,-.9130868332968891,-.3942730626529569
-.482979364993831,-.7732295161169874,.4044563904874392,1,-.8390813462635891,-.491991497009443
-.5400486580334137,-.1574331165045725,.0612526443740811,0,.047166570094295,-.4354141165784131
-1.221553817840732,-.2295666322410366,-.1593753826003388,0,.2878331565412368,-1.204090511878207
.6322909083903465,.7975794264655464,1.326721457850838,1,1.763610862063264,.4228469834836468
-.2931808538243527,-.6737902321538345,.5387351290699447,1,-1.093840613194022,-.3298035312419569
1.441641894520427,-1.196736716003979,.4624430628201529,1,-1.044354853396135,.7720706146462889
-.3020857523593265,1.420218766724355,.224327504227007,0,3.530797648758398,-.3528466608426228
1.273157480199819,-1.639979244530468,-1.160921480060407,1,-1.189503390965039,1.122765624108232
.9795855718641313,-.100758850786713,2.15231369925399,1,2.090598449863578,.9899560234452314
1.531908416277884,.2759366697644369,1.11794029597226,1,1.363685763467125,1.096867711879446
1.273623868831233,-.1598028206108121,1.110476706739743,1,2.020822130845521,1.278734285820369
-.0340786976003006,-1.782606010837027,.0755922983981665,0,-.7372655314827852,-.1077936359203582
1.144195612533904,-.6466854073010593,1.135842694304754,1,.6002181700664748,1.110931577633397
.1331155815183469,-1.427158035183135,.7674857912106203,1,-2.48445547790765,-.10134878058357
-.3115225267493166,.692740507881377,.0998460597009122,1,-.9253852140603689,-.303420966008823
.1751026222931647,-.0694108820083682,2.668563341390352,0,1.873351053002502,-.0621627914195759
-.1150207129926987,1.393372438917953,1.344665489422972,1,.4772376603881705,.0307907559548308
-1.141864992090215,.8394720355735064,.2591656989539763,1,1.902910924825875,-.9788449710540701
-.799138092162321,.8704555139579168,-.5659673746679111,1,-.7935443651770901,-.789064870356849
.6808213474732349,-2.376419861577958,-.6958819120338781,0,-2.881511371584233,.8442029895465653
-.3349829076305333,.4612039704959882,.3557096247949262,0,.5621701549860529,-.3845508000936623
-.2282262008415901,.5309995651587254,.8701463436205568,0,1.220552970793967,-.5039640599216917
.7580409836814851,1.215529171243944,-.4913029370237956,0,-.2776639997288803,1.010767577067508
.475564085795926,-.1517964410732035,.7599080746517375,1,.8801308327952493,.5348128179883311
-.1928707630298921,.0123842015553829,-.2776764482560258,1,-.2928302992580322,-.2403608973422626
-1.070535185277632,.5710339804866216,-1.42754557820182,1,-1.736988066865864,-1.017910363394556
-.8519019226561746,.6062805488800951,1.396963162258325,0,1.037054943686305,-.7659174647376356
-.5767875355271261,-.4313425487852376,.4692789458986324,1,-1.466834180111244,-.3179314265317725
.5939805446426298,.6261665684975752,.1579870435503942,0,.8482892547160313,.5481017737373604
1.155111262049814,.9425911574018981,-1.029563449709208,0,-.0158915152430861,.5303194820698491
-2.04988579896987,-.3090880981983909,.8539526580487605,0,.9563354454741126,-1.560455731280163
-.1937284897263842,1.124832173233283,-1.332114933758638,1,.4478316014223041,-.1458916500156915
-.1638546313135355,1.325698980760602,-1.698275966492862,0,.7387309735052048,-.0054690054047737
2.150747972010466,.9937269328834946,.1164357746138923,0,.5631064900927127,.8471167296469155
.8698393992745137,.2786119962072204,.9575338905520032,1,2.967807469191658,.6669425934431121
-1.321985031393657,-.0050018042586828,-1.176557052747027,0,-1.078287611376869,-.9188239829120319
.0482946724864391,1.538247825898164,-.8908992157378792,1,1.822298143232637,.2755052060350649
-.4002425852401373,-1.536910222111803,-.5312617856354989,1,-2.63830027646502,-.3200650254198099
-2.089190366065973,.1432911684653815,-.8146777717894309,0,.4435282933465399,-1.016312055026222
.8014379843746877,-.071078516223608,-.311391567070216,0,.1150099670249101,.5211418074128321
1.002666515575799,.516845987612679,-1.095062900590935,1,2.873003371567297,.6587498326274059
-1.018893838252924,-1.045336443065175,.2962009613267345,1,-1.382444278092295,-1.009237385096553
1.565378972173996,-.4615339392499399,-1.492218369037313,1,1.733865133950299,.8294444511967125
.2317246903386342,.618551631347535,.1413595626937187,1,.7216322883235974,.352635575330184
-2.005884120201938,2.642925422411382,1.690686465403239,0,3.845277005854473,-.8441631072591114
1.086525792674411,1.190811087221083,-.6054347592073829,0,.6679305662490727,.9005400375784292
-.3153191582607011,-1.039066844746709,.2799024364726824,0,-.2180244867026129,-.5136455323095885
.3644338659971412,-.1394329356145644,-.0538085486776224,0,-1.283955727260517,.4226626834254477
-.0424680374146071,.5783780556784235,-.4528551965271478,0,.4436258739107483,.0436462628824822
-.0908790765212737,-.6595946594628931,.2007792488618371,0,-.7537206819044279,-.2315860391103198
-.0067531196674008,-.7404058491828296,.2984890036914098,1,-1.065376246910059,-.2150475269727057
2.337771621577744,.162408543908649,-1.665547137221311,0,-.1283631571755124,.8606653274806475
.3517971651844027,.2435616096569685,.972246577964003,1,-.1179063295667842,-.0878531500827098
.0647363602284891,.5647742481442902,-.8684443197801237,0,1.454487344078664,.1902968912615011
-.8391318486374848,-.539028592344431,1.38156564983818,1,1.999434767046217,-.3803682615908911
-.4981529880016208,.4618406825994972,-1.110862634877269,1,-.4487666226985997,-.4570656989924663
.0408840238272536,-.7724188250020647,-1.216821230423531,1,-1.571749014150277,.0739248976610538
2.287311292093656,-.2420094353937577,1.034576312243889,0,.0710769751700048,1.300337166824742
-1.181568105698108,-1.30901860264533,-.4172286470562234,1,-2.368790244945042,-1.043099427120509
-.2360483379964881,-.7048655822172736,-.3478311769685744,0,-3.76262101661905,-.1194981560401964
-.2470525277610319,-.3777695676204062,-.5179222884103538,0,1.04257166254369,-.2434847993741343
-1.101487431845277,2.344623804222608,-.3189751008584041,1,1.091897107450776,-.6643083914350023
-.515135817525746,2.186674784887717,.4090911816771677,1,2.388925674120503,-.4260833910296591
.354443406281737,.1884523342399845,1.582745714248585,0,1.195677805069994,-.1912794002865423
.5627822002320033,.7467984983681493,2.892464021220921,0,2.326722334281071,.4725612261205749
-.8751374940040026,-.2543867998333663,-.1526451710320464,1,-1.416757849999386,-.7991140549712104
1.484254908708931,1.051059236785553,-.3967097504995657,0,.3961603169925016,.924074860394587
1.257112881524332,.147007704262832,.2060622225202526,0,-.6743106123412447,1.173847076937465
-1.207508280842313,.5642936873541182,-1.686625959575516,1,-1.063756935285952,-1.103744959370915
-.109610794169122,1.132732264869825,-.4057706911301485,1,.8111524240202956,.1102885695451399
-.1442943929459315,.6541422508388891,.9705714289125891,0,2.076384669210786,-.3358502010577364
.6506683478477593,.2721582543480999,.6045699319675439,1,.1195645513946164,.5605017568781854
-.0938124687823323,-.2526125218578602,-.3052092662513115,1,-.8546943149106532,-.1472203577364181
.8701947556338526,-1.077553811636243,.0445694497679222,1,.1488249360741034,.5543032126273977
-.2779635768817134,.630454036352573,.474525758217319,0,1.479106833368767,-.2738582479536793
1.384608834328328,1.142151408738502,-1.789822751077939,1,.0242411661034829,.3153578689634402
.3730383418941096,-.0195101968199106,-.5850433746877401,0,-1.71800825768195,.5108371567177983
-.7354288503693562,-1.260092541349168,.6641827647570776,1,-4.147062774917232,-.7714572859871986
-.400922551688957,-1.991131806064535,-1.747981025621912,1,-1.872679663409995,.0410899106429703
.5630384589211299,.9225700941018345,-.2536862961232511,1,1.978650721243232,.5734553066289583
.3110770652247171,.0412971248426685,-.1416408531971855,0,1.330028199465147,.2897833487882117
-.3528248002643009,.4737694956589293,2.009335814608302,0,2.473676238793069,-.6584174507677196
.5884997898574368,-.5057160375256285,.6323869318095627,1,.8642239289072027,.7165732048087788
1.451801368389972,-.3310161275710454,-1.644981472194103,1,.446978568144602,.7990532588361668
1.3120674122647,1.352344946253352,-.2106780381662738,1,4.276577131830281,1.476155124357171
.9875227787659426,1.73772544419182,-.9011558286575415,0,1.619896568692849,1.233282208197255
.2942045854908761,1.790730001369162,-1.406269916936741,1,1.533417544855503,.3176421093399382
.7145808607656424,.8896835818348607,-.5146753752781537,0,1.419458208194943,.6828102111004786
2.209594498501811,1.132556341698136,-1.199038413673271,1,1.829908021636017,.5670357756314943
-.5165494919746324,2.176350070970805,.2419793294186302,0,1.453922121482865,-.4610259117004283
-1.489157247589722,.0984346598105969,-.0804106247329946,1,-.4533321168670361,-.8499055714659562
-.3731254472305909,.2055130478633132,1.295505918312581,1,-.1194520213267241,-.8608777449594055
-.9711739296162386,-1.364842321183478,-1.136012556194136,1,-2.174073117928136,-.6743803002287621
-.3258098918490632,-.0465209476950667,-.3500288181100562,0,.3724115138794704,-.3691268892097591
-.6269243963236019,-.6462566594297737,-2.178212144065883,1,-2.829954704533225,-.5402374270459553
.4086818548493428,-1.189445235225168,-.6095516374275519,1,-1.794860763794557,.3864215537801261
.7093447736704708,-1.154246619319298,.4700680215303961,0,.8167014763389173,.4406095005427809
.4357070470975517,-.0116893498482132,.1682138544373107,0,1.380829495519862,.4047024522549689
2.038226057101684,-1.569670469596596,.2064987538832439,1,1.062153536629102,1.028479138875223
.1528422188251159,-.3375748204928283,.4055216714887564,1,.097930522140764,.1456293671557572
-1.301155691405352,-.861474103466785,.3757654196544051,0,.296351439816788,-1.613782016301684
-1.493994641324981,.9484521723329367,-.6068441710973954,1,-.5012286231955538,-1.181092742817856
-1.738377337798933,-.088842725019688,2.130112800238683,0,2.896013535363498,-1.49627195575701
.3674968635397257,.9938672576078507,-.0657539588694967,1,1.508048676897913,.470058934256441
.3942228188216189,-.4565982048855278,.4117545547771463,1,.3338091148707253,.3786760259383304
-.3903837227190098,.9416857552850999,.1078756799524788,0,2.035603620694275,-.4621875817955563
-.9395449451178325,.2953457675677497,.3618546801615125,1,-1.051313148825407,-.8918907840375723
.4143870786074421,-1.252500744833932,1.543461105115766,1,-.6440317400290685,.3840906029848209
-.0994938167906345,.2660958765287293,.4973381308950736,0,-.0737751273758899,-.2423617250692671
.1176758530151165,-1.810995313192674,-.7427503635167209,0,-1.639792033548436,.3534401961356384
.1555324473615752,-1.127643996942297,-.9110143176424943,1,-1.128202785060358,.2954582291308059
-1.018546582539358,.2218915825905816,.3402010431463665,1,-.1089491569291007,-.93357593015609
.9167748404835417,-.9077208476608787,-.0246526039393745,0,-1.110619446370002,.5019160645958173
.5673610277031725,-.8796785642465865,-.1920665104629461,0,-1.377362239388122,.4131524112968323
.4195908411237031,1.376409029080976,.2916601493013745,1,1.194260814903824,.6471270249154735
.4733932739267229,.2207603748784314,1.444012778750806,1,-.610866928633707,-.0797298981091235
.4927278867006392,.5565528270705562,-.8245828357338659,0,-1.11872626410678,.6450993909944434
.1589792354160067,1.023440799687569,-1.27271687354603,1,-.8438023273399167,.0536080433673414
1.383431473937638,1.81450068389438,-.443573147527641,0,1.89253654483003,1.424958927638326
.8020538547289232,.3753125750161078,-2.258076349808676,0,-.7818759183818323,.5076998774719456
-1.063669794586765,-.1775903811158871,1.120676262443985,0,-1.520923950143987,-.9783216771932173
.9250959870569694,.1301803972780816,.3263861422260327,0,-1.273111084228668,.9277882764576293
.2360595255666536,1.053217156600147,-1.053254473861415,1,.6404569477435638,.3250540169047973
.2967041220233924,1.189848866490623,-.9620190545895373,0,1.826505576993722,.3845515735699727
-1.104006265160009,.2765109135852949,1.794251401571221,0,.5755625860274233,-.9651894714314149
-.2016012126761808,1.819255729800319,.2802724137983281,0,1.983145995642623,-.1391881208319465
.085155629001975,-1.056718276848328,-.4374056408152603,0,.1773757624093339,.1892242827616684
.4897398914831016,.2843149273468751,.7260223841083762,1,-.6946845494093346,.1378709141030412
.8991102468440687,-.6248479228745816,-.6236281850519417,0,-.8259837974459202,.7032917996580056
-1.244958159804963,.8356195178722732,-2.977136995119941,1,-1.599493202616421,-1.32468625996293
-.6346588368435117,-1.341733487658352,-.7470838714785754,1,-2.314591394360383,-.480084296227659
-.5222645718813103,-.3685541218018643,1.468654162671297,1,-1.54571139289297,-.3320114024766967
-.3599494411433271,-.7746210207862556,-.1242902627356403,1,-1.805442740062998,-.2619431148450202
.2401564067774047,.4735386631464662,-1.283175403544316,0,1.282579304196067,.3171893642709482
-.0110077034260118,-.573567957087184,-1.311944294982936,0,-1.35196552567783,.0632401890571863
-1.584071167539929,-.4635607861909267,-.139086530405236,1,.0095991955810204,-1.439533061376476
-.2142257526875488,-.8918963872523947,1.108873588638519,1,.1637362108447004,-.1558159461417203
.4233539199233763,-2.128564035163203,-.6949249619724481,1,-3.415116552044332,.5633773782686413
.5429705359074756,.5265630859157243,-.3060636524632905,1,.8924722486329537,.5922401255905791
-.221701565217766,.179670184824755,.070350406312626,0,-.5514561388302784,-.2516294521217082
-.6053135645969857,-.0882954171143083,1.482116264126275,1,-.485749717225912,-.627128294676249
.2942567968545018,.0653583991782578,.3203166329604404,0,-.1943538379788651,.2584243234767789
-1.180664508693451,-.5551826524164106,.9759412675701975,1,-.1487392190188344,-1.046191300444771
-.8172021722522278,-.6377136042099619,.2487120698777233,0,-.0782525939738705,-.77780207696196
-.6686409100835681,.5875597482133111,-.2666863186357148,0,-.5451494371705133,-.5895400599549081
1.056176136747531,-.6413454788401997,-.7441882944540085,0,-1.612331521185488,.8282136605981303
-.3899198810936809,-.8886323364941602,.4343096681629465,0,-2.554939775848275,-.4854540204253051
.4457915765411833,-1.21783888011767,-.266065665966551,0,-.676730354641036,.2509634441347752
.8085613063700743,-.6543264757105239,-.8697308777988529,1,-.3470153413870876,.7095072787908652
.1812162320169876,-1.183417122594348,.9223039079587704,1,.18963191034324,.1422468383584869
.642094351722409,-1.321685470434557,.0986651013643935,1,-1.324232005819075,.4295662075035376
.7767909884714903,1.312226193366371,1.119158981125231,1,3.38622655517143,1.340262764442608
.3571508896783281,.3030040438673987,.5282838585574315,1,.787360829630362,.1856660301481079
-1.097983100951129,1.817456261120274,1.066978928758497,0,.2809337034557111,-.8634645593162646
-.2870370037864087,-.807219607812163,1.926851160926393,0,-1.487085660176414,-.1774292824995822
-.0227880033924838,.2311818889733065,-.3933398874201628,1,.9031221191167522,-.0148522741817276
-2.444031466694624,-.6875014399392779,-.1562564041796781,0,.1558323832158257,-1.65701688672335
.4856656699029206,-1.214607000654319,-1.283496922463119,1,-2.12588721990194,.3790625675999446
-.7306302673360758,1.314744126210388,-.3480854454693221,1,1.353578816818476,-.5770039767437662
1.708649029048948,-.6512667407139981,-.9455859400279535,0,-1.488459975262287,.9637455963133601
1.664466609262941,.5247543329050446,1.284585447588357,0,1.342902032929,.9734941781625337
-2.541507223130463,-1.01989725618848,1.780559434242372,1,-1.400045580140466,-1.547470716737786
-.7528317075563815,.5295101191244398,.4991675775454429,1,1.065160046116678,-.6534850485062051
.3773352589693795,.0060888918072152,.2036842819445403,0,-1.444523689907414,.4037221592935273
.1074190475459307,-.4232534575390104,1.664571620240819,1,-.166019622414174,.0814485976175163
-.528346541845672,.2096020467659945,.3943481560452939,1,.604928052633631,-.5719359538695293
-.6351641182667547,.1285051119896974,-.5748682093963096,0,-.8543243822910117,-.3563722523982921
.1857510793811057,-.1918786850728948,-.6653635560153393,1,1.170959518623276,.3559274421978436
.4786797521842501,-.0778909525241616,1.817130754970199,0,.4622423072919431,.3066892065931415
.6687941943510677,.3926133241663419,.2975080512494383,0,.5395379234820958,.7230745055624477
-.144548240684264,-.4614367553649599,2.54065030877631,1,.157815235593726,-.1677641652914767
-.1110422350098377,-2.154697194343258,-.2701828754027946,1,-2.229896418901991,-.0937099645557318
-.3499683885360984,-.3428520724801345,-1.697524624288659,1,-1.392203324826474,-.2745940160382481
-.3718308981413037,.1515221785099837,.1107663234774705,0,-.1362369585215036,-.3672272980567898
-.3557197545993502,.4148144325207601,.068499173081782,1,.0570467221645023,-.3115140103399729
-.8734189276109786,.162028752579498,1.157802846591135,0,1.962983102064324,-.9546606826666396
.6805173307918463,.8290528268920871,-1.162693740282261,1,-.0089675268571656,.4523343091434573
.6456584010093437,-.9842515511403925,-.3808414741734642,0,-1.711867682967947,.4867605239168633
-.5664089878400914,.4844481482452135,.8108080817704389,1,1.472044598039274,-.6403593931941212
.5713468525378208,-1.376138142258967,2.544041487374967,0,.7736624470192391,.4933745763881963
-2.085590551953227,.0265431278356102,.3324965330770178,1,-1.591312135558535,-1.233679592414548
-1.210185932215002,1.328876414405405,-.9344402131526138,1,-.6677571219589082,-.895832519887759
-1.257228280418589,.8036468571462706,-.4934103261653018,0,.99694617889333,-1.074427922093806
-.8578556200443977,-1.226697214004491,-1.280876795417139,0,-1.989640517369409,-.7217326099003367
1.381829836825829,.7842266495268818,1.327399779457729,0,2.264265163691893,.8703613486711124
-1.082139800955113,-1.044868512512625,.0436839281101312,1,-1.476427235999543,-1.08564446034591
1.160389029257604,.2608984473599942,.1931966510834647,0,-1.08131984750213,1.110603137344747
-.0680864835307057,-.0527608474942744,.6500357658227928,1,1.894654184691988,-.0996737541227779
.0220044061027829,.8388845406093185,1.402507134009074,0,2.737701401397548,-.1045299964421464
-.2081041372884376,.7148274681583566,.7375723451566796,0,1.980021151830009,-.2164477937254889
-.4485456075050244,-.3119854838745249,-1.124238693185643,1,-1.166775258179538,-.3776230076012475
.8474092481115525,-.9566839182702529,-.3874533647691739,1,.0612235512365005,.5518045322985369
-1.973140158962509,-.4623842901250311,.7065129102159754,0,-.468669763642739,-1.62853248995815
-.6826521577665678,-.3829887531294416,.3444188855099819,1,.2166314984657816,-.4393940004876921
-.6717595444506744,-1.311038718841172,.8144443607225269,0,-1.827674423668373,-.4612812046427406
.1564027546383367,1.230630183567718,.2189325128556405,1,1.550754437129719,.37691771653081
-.3970983493539995,.1969339870654278,.1573215919394251,1,.2960610132352829,-.4716689031847336
.0668598272599969,.3413112908207935,-1.648353853462865,1,-.7748258457088772,.0434025653101885
1.383761796742346,-2.578129126036722,-.6832822943090359,0,-2.77130851893507,1.105201795371278
-.7520082934997206,.135561857045069,.4474531601575716,0,.1018647523188317,-.6219319585022525
-1.307921105389907,.5554771204637936,-.2069872462805321,1,-.9358142246419463,-1.010495566778369
-.4254179867305154,1.423488288974727,1.965126081782862,0,3.913704688318097,-.3993034078083788
.9922626556337533,.4918121956350434,-.1799194687984672,0,-.0024078576933964,.7634107284003349
-1.213247619649783,.8231256417275584,.9088012524707977,0,1.532641207380548,-.8868866864696199
-.3539842349416609,-.5891638773344425,.6537042911408629,1,-1.25040601623728,-.3190357773900914
1.334218549739823,-.231293795323143,-.2463373261459282,0,-1.039734182712401,.8166629592951561
1.697098584376915,-1.197210422918771,-.3682045545318097,1,-.6407777122143794,.8483148887509462
.4272399437925252,1.073891943055766,-.7600548437389794,0,-.7471423424987425,.6140345033538166
.3841679887684376,-.6239036114510798,-.5612238344718334,0,-.983208317925117,.3985799393208729
1.831755465081611,.3691933417098799,1.054242346780548,0,1.436597386949912,1.075286434994005
-.8855054354108257,.5752939757775203,-.0286020659210362,1,-1.874251738063438,-.9059766692637622
1.123112303197375,-.4317678729943951,-1.231636380039081,1,-1.247435047652513,.6542240604809707
.968374674998231,-.2560361886149978,-.3508508752859573,1,.7519911224773634,.6107739039233053
.3529089245815535,1.840326513427525,-.3210193402037517,0,3.848784848484541,.4172023544930172
.0358598542470928,.4978949285129189,2.690743921392391,0,3.19273464173793,-.2167328849087866
1.426023769518638,.1112254041152855,-.7808608968862208,1,.6072054719995129,.9165257109145664
1.184537411520322,-1.400874364704914,-.03118515374939,1,-1.649766045843167,.8657237029630818
.1791370012896013,-.3328207772217446,-.275103641455974,1,1.937257086019156,.3383578721028147
-.5817620144189828,1.376229387043883,-.7456526912862388,0,2.087361684179865,-.4584112314313589
.9130664764225811,-1.267233756402334,1.02666190871847,1,.8519202809456002,.8101228590255858
.936507541458233,-.4153094782111802,1.193993712416195,1,1.173864940864776,.975466359559186
.6059842832128313,.8879892974578116,.0788843146651207,0,1.105122099810515,.5311460865630084
-.2125049238816864,-.5601810067462698,.6498758476111619,0,-.2231159038474979,-.1412910967300944
-.0866943879538617,-1.558029349152966,-.7185650382334541,1,-.8085419151162281,.1317495283954377
.9184123065695807,-.3412007735644347,2.346973568881743,0,1.445833366041611,.8286155163626885
1.494660516420338,-.4912502674094379,-.0327047687567352,0,-1.109054465538249,.8911375989603816
1.902529925658714,-1.515618449533628,.6064697502889217,1,-.5112188961948494,.9682592678247506
-.3754355227096558,-.2162276639648943,1.270695021352264,1,.4027222373240331,-.4545499956938852
1.043008104836352,.8461597073603969,-.7936134502301772,1,1.631110969685005,.6591656698017396
-.9089602180501404,-.10653466465089,-1.187085945819405,0,-.6872421579314762,-.6933269720072746
.4415658907596,-.6052566158889374,-.1001285117909037,0,-.9243993995844602,.26665901705032
.6495486479297085,-.4496207174349537,-.8708109265327486,1,.4387316771464808,.6409451159627315
-2.051767476774392,.9066658986572897,-1.826173101202262,1,-4.016702615306456,-1.399221695745164
.0643790193342262,.5834528384108104,2.968502607845566,0,.8123845691122837,-.1459950131104377
-2.266405466034709,-.1252855410090533,-.5761155250612344,1,-2.677026573706441,-1.343879057970792
-.6195700448263959,.4031805451756375,-1.267045727488285,0,-.907789355742935,-.4567834200041478
1.321750423702883,-1.109371222455497,-1.481837475730944,1,-.2651540046821882,.5696910221703382
-.421623591490293,1.346847281657484,.0653384844732093,0,4.236917443796757,-.3911852190873693
-.0012229361067847,1.29189113201849,.1733727721145519,1,1.857921744069369,.2236587042450009
-2.048915937467508,1.434001411190839,.7152310672811432,1,-.0616367016689581,-1.065882161472908
-2.288355547171797,.4138016829930157,-.5482298796865543,0,-.9323965294712341,-1.051726764264806
1.23476012068121,.0104234504473851,-.7949293422037165,1,-.5286921691259373,.754826342001762
-.4573549981117718,-.7561152378663956,-.1171935097293901,1,-.7614905696835718,-.3152812863184613
.8900197939216361,.6127118213499324,.8607956573606826,0,1.287522675708666,.6412849972355845
-1.18172587543067,-.0514766594514876,-1.348793190198322,1,-1.870582497660755,-.8820110536108707
.1927158544832417,-1.467055967182561,.0381010074755476,0,-1.422659962961282,-.0326193852675378
.062558610208395,-.6121246334301169,2.185547982255307,0,-1.137522558263598,.2301239731723668
-.9673704808730569,1.340636037441576,-.0957145646299446,0,.9976019321924556,-.7556770747395627
-1.458907030583963,-.4726560543905757,-.3150295641561948,0,.9190473990890964,-1.352204181861247
-.9313577600001696,.8946438166449872,-1.912925890084796,1,-1.723717979361253,-1.175634951310003
.3140968080470469,-1.085819448136016,.4602811373302552,1,1.111936976413649,.1484565576651405
.6024068409695496,.3617722485278189,.8375358828009761,1,.6112222536009422,.2871990463354401
-.9397569339030399,-1.108129317398808,.0285749902626965,0,-1.410235718938124,-.9498248524396087
-1.565299963859396,-1.180511715168723,-1.271498248722519,0,-.5823266913618472,-1.086749767391099
.3023450625735014,.7552296483612227,-1.08560874458183,1,1.717662268358561,.4606692987595504
-2.014249382286421,-.613743147135895,-.6176272048861217,0,-2.261744087648053,-1.35748010714868
-.2530899486608479,-2.332298089460998,-.5329472005556173,0,-1.154532156313658,.0004241530636175
.1478984103598727,2.31699116801272,-.9991507436000702,1,.2149779030465742,.2183602632997648
-.1508261044903177,1.231006839245013,-.3029400611419262,1,1.279811603321337,.0594727859029192
-.3223317509989337,1.006393332905707,.0389445776278048,0,1.094090983998795,-.3593374263636091
-.7911732941486637,-.6348280664157576,1.201035515884077,1,-1.631997282622936,-.4281373855370454
.0399716711455026,-1.253309087649239,1.405120921714683,0,1.371866142541802,.0230776002987376
-.165763174419103,-.2272408104955163,1.243576436267445,0,.1272117788788596,-.332422868520476
-.959066132356252,1.921141589716949,.8351683620497364,0,.8516573628441975,-.7923376020880804
.2400436083098685,-.3391048129503221,-.4189805545243092,0,-1.047787597556554,.4239232872900067
1.946639039263272,-.4086358894368031,-.9996493051461369,0,-.1786496482647467,.9418211749069444
.4857646557019885,1.19337756408415,-.8950291817183368,1,.7399442117473845,.5589863860440545
.5957858400017196,1.065794600698617,-.6035210647497833,0,.0760154009709831,.6308419395094087
-.639152739421899,-.5301694126410086,.319473297349844,0,-.0010804545732496,-.5172047724062198
1.4435203252054,.2800849369393924,.7121203597911772,1,3.244075411919233,1.248723652871701
.1585749329096393,-.1917008238774186,-1.51707315711108,1,-1.472836870933018,.230219293498519
.740973318727053,-1.403137097901308,-1.017771590006676,0,-1.995113594751473,.9209414518989529
-1.484314254879139,-1.070171382075473,-1.032195933973785,1,-1.764583148627726,-1.13441119407609
1.3055138085745,1.59696747630407,-1.184874982965254,0,.9054190253110774,1.227252202184279
.2237256680142119,.2159167296381815,.2136069750257421,1,.3850809774022417,.2602260088737283
1.586662512493569,-.3130546945023241,-.4224105514563377,0,-.0003110603948339,1.006990448178969
-.269490167721326,-.6238786292859505,.1002117791150714,0,.4452612481866364,-.346233117565113
-1.721802553160794,-1.852122664818016,.5311743733865688,0,-2.926126686292726,-.7387061969341326
-.2392720473808773,1.141294517009982,.8025637742761855,0,.2236208533598651,-.1973641218778397
.7333812282203913,1.627428541640805,1.565196920675271,1,5.125985521145843,1.546056949689828
.0237358570888245,-.5642155941667391,-.5010605337641493,0,-.2800086151670286,.1039696260840937
-.3580456215161923,-1.063599874431835,-1.610228774568629,1,-3.313186107912035,-.3721206794128933
-1.022957048079037,.7672470166741061,1.414235708457144,0,1.785272543818575,-.7758320390783284
-.6751180986494272,.3628507272789561,-1.096101645286499,1,-1.124944559164455,-.5165040876050453
-2.273370035779462,-.6503141764325273,-.27284489497085,1,-3.619837083621512,-1.58050769692473
1.073059891563139,-1.509673450573196,-.1571443671847257,1,-1.060246726391696,.9652089055290609
.5857398605187587,-.2727479009565033,.0240744073691535,1,.1929519786595289,.4267114015955118
-1.193729555827151,.3912253509966778,-.7396539852705544,0,.0589185730023964,-1.003767419563927
-.6889083976536292,-.904853049388995,1.610577908561796,0,.384006734445841,-.3637235697143623
.276725931187329,.0837759414249263,-1.374067660399646,1,-.9929747629303352,.2617906438535351
-.5390157591021781,-1.199495524715904,1.15486906854473,0,-1.732821043225162,-.2911539355555672
-.3409208201287701,.3744466675293494,.7193418779739329,1,.3744938444992659,-.5607146014616563
.6275709898181265,1.241077733840266,1.719401894732521,1,4.133744459018908,1.047284893643943
-2.377487713311838,.4400919185054513,-.3372655836362892,1,.7936103643799202,-1.039620115700684
1.552386422539333,.8719869296579209,-.817750897588563,0,.7558723871712729,.6270250396205754
-.9821108713594927,-.6002558734992591,-1.241180340534786,1,-1.58980211932182,-.7538981063819246
-.2222323102133866,-.3398933963608731,.744671707924851,1,1.348344078378894,-.1449197437009788
-.0940586376012092,.1127716372050173,-.4178377786272429,1,-.9175636880078584,-.1193958361097769
-.3522164422631459,-.0221272751521981,-1.294308060300827,0,-1.437054987222111,-.1835662239410996
.2084304222214319,-.0730153924855647,-.9555698269636661,1,-1.693535358016438,.3936455140912705
.6710382086730655,-1.079066019714249,1.72990316098259,1,-.5780402070933803,.6618690457124832
.5316266977769839,-1.658885210101289,.8456637639209453,1,.1196837574128762,.5317035039265721
.1494640047289122,-.7687830652103954,.9530490249838397,0,.4884382306932415,.2315081021414591
-.0815980789470216,-.4865830951482386,-1.500030277359736,1,-1.521757147806517,-.0270008375363782
.1805290720551228,.6432433174198131,-2.187340683153181,1,-.8437312820480675,.0302064277186385
.0277194122518278,-.0538742204074005,2.21224343325203,1,.4743121166495828,-.2764112295974877
-1.381279602603214,.9544701041378101,.1024517167701752,0,.4180974483315114,-1.099283912520885
-.1450888803046549,.2079498712379487,.3789196544920049,1,-.7386473686589194,-.3394732887115012
-.4753970207070563,.0717440612341022,-1.135713428744984,0,-.5028224115485903,-.2713614461495339
.9616584346564852,-1.314855385048036,.1467809230850864,0,-1.965202236235922,.7636246469922188
-.8936648776509633,.4185781231584752,-.4098897777922502,0,.1550142699983341,-.7703739267368148
-1.124626406121976,-1.312770403235664,.6504866959749441,1,-2.427143207474813,-.9280732968308669
-.7749210097341073,.2948512317176959,-1.063684252815119,0,.3119598590826986,-.56077959021351
.4731389145133728,.4541269321594651,.0931601051802931,1,2.047027826279226,.6081105922475214
-.3810729587143639,2.152037538365196,1.348904667688858,1,2.496069415315565,-.2207529093455016
-2.263255402643106,.0680004500997606,.0480302273251912,0,.4797446400873245,-1.158569599049897
1.578601368490925,-.3175963060893682,-.9733529070411053,1,1.831273333851789,1.016163051102931
-.0158580198143598,.3849875443997161,-.8474996784604389,0,-.076653026475202,.1125789003902422
-1.665009430163943,-.9704589868712978,.9533326530787993,0,.350252116222367,-1.674725643411564
.1783473151047341,-2.220987244918554,.1369400307127365,1,-2.044620389572489,.1305166955821129
-1.432456525478418,.9411977957496962,-1.946127942755428,0,-.1573305722694515,-1.350001622888778
.5839873836356294,-1.000273386878547,.1148661608406919,1,-1.912212089414187,.3292409489981276
-1.070487210035048,1.170334457640189,-1.620101953239955,0,.5256373794759693,-1.088736532838918
1.025403715086334,.4829380949698594,.0812351916864822,1,1.120549203987928,.8426020507009948
-.8462122077671862,.0676563636396091,1.008674383740553,1,-2.021528772732323,-.7856026467303866
-1.177163344673529,2.351134899513261,.9058617532309797,1,.7281541096010331,-.8591924441908578
.8104556781570076,.8897914291856261,.1977559946260486,0,.788512363113111,.6140033881342224
-1.34582300824198,1.256559947498177,1.348740087825574,0,2.161968027723207,-.8572351568900676
1.230940142429584,.739998023053447,.6759160159042512,0,1.121814942721272,.8119352833715294
-.0576525494800783,-1.418491547536589,-.1394618349382123,1,-3.532937547328999,-.3311907264080984
.7181055915236502,.5903725369042644,.0095077220575575,0,1.706181229803545,.5950615772205587
.1418798827039433,-.9352050505386444,-.3781752202112152,0,-1.117352497760688,.229828992241039
1.273693520966586,1.261354420718683,.3583848190991805,0,1.111099403303812,1.359003307296648
-.171316451965473,1.09489058812883,-.9186045290170437,0,-.2656726417734248,-.0509419256511794
-.1650006120651255,-.3460645702130845,-.2696138882625159,1,.2285699390519778,-.192153738120748
-1.49707287813576,-1.263835879525379,-.1051981805151254,1,-3.149234414833736,-1.393856342741172
1.605766518279277,-1.141285272665582,-.3859233930139973,1,.832055815510534,.8269602600744379
.0709966457710262,1.059203193172948,-1.423632134981963,0,.1662785864556761,.019520027072867
-2.151232600193523,-.4226187212694591,-1.406913902371869,1,-3.028878907986499,-1.053859108069912
-1.401427426093586,-2.167010438509881,.6959647570304248,1,-2.617553842965142,-.6584763429371305
-1.901249057445986,-.1468448254277233,.0024144345760327,0,1.168940223541961,-1.584373298713017
-.6212347998868577,-.1391713279740746,.1236405979396027,1,.2237126282112399,-.4533738604665932
-.2172802027884846,-.1855057310457124,-.094792753341698,0,-.2175905957462245,-.2696510535670185
.5477395713115127,.1230346865946412,-.2619024047703954,1,-.8003658998939083,.4035379410368783
1.067144278648139,-1.063026686720114,.8818470860854828,0,-1.342255738382894,.8879354409321381
-.1268143029842789,-1.138464027169391,-.9888342422684498,0,-2.067349359348963,-.14316635948318
-.7470154224196133,-1.2704304469972,-.3790905819284553,0,.0768066225235873,-.906807788601844
.4356600282964861,-1.665052090684095,-.4711938367441618,0,-.56204821836907,.3812946460055486
-1.445337807415821,1.113861307498524,-1.914036573023515,0,2.075672281810134,-1.24268385780916
.1291232162037632,-1.185600715075812,-1.573186986105036,1,-1.521015283856866,.2619154155026582
2.031135672782042,-1.094648555760533,-1.71525322423276,0,-.5495969726990317,.6877544616293699
-.573252806313083,.9228300685799432,-1.201450605002153,1,-1.048920834946455,-.7278723455732949
.2798023002312872,1.108162827242706,.55915322334894,0,1.27192477334958,.3419881978610571
.2102681726392317,-.2382484352863877,-1.084543452110309,1,-.2699630733135169,.4348389325797377
-.8896674334631355,-.4643789089683164,-1.195915019655573,1,-1.477149093498564,-.6169679900068372
.3703480174431474,-.0286849928313988,-.0998565420619207,1,.8265347674095277,.4818154586058782
1.913891373726783,-.8020351500449877,-.1512085151872332,1,.7941358072414288,.9144306641011096
.2652502334255848,.7842194190901307,.7011824088857392,1,3.435506997207233,.2068687460217844
1.613595084870309,.9554332126293081,-.6846963232871994,0,2.237857290447143,.7138504261988066
-1.311280192548145,-.1900278949737836,-.1300777737925697,0,-2.413274117383532,-1.215027132066414
1.153068425726823,1.030937151818407,-.3946857870687217,0,-.7764736501747798,.8236361007155004
-.8886922251686281,-.0010631268193278,-.7806671990361226,0,-.4829867017839877,-.6508993479163632
1.268162000335928,.5151792336027782,-1.318588511334138,1,.5378102881577604,.6301097356711503
.1568281599978361,.1869844231512254,-.4106931875504264,0,-.7865420364623503,.1741317364102785
.2189038405045469,1.038774016906174,.7356584452151684,1,1.629343551844602,.1531544337598203
-.3029679716620685,-.8523303696309046,-.2278798218791484,1,-.7327147511948265,-.1861152371217798
.5379432000285748,-.4009010382192753,-2.533040011958518,0,-2.385283013918408,.5002843879729508
-.4151167676821043,1.058431989203369,.6537072800910403,1,2.802205912890609,-.3458277150659073
-.1354283450474627,-.5660794869937182,-1.861331280698074,1,-1.720735050863364,-.1038052538177983
-.4948195449683634,.9372625906965915,-.9467175184832863,0,1.20806651241447,-.6368554361376147
-.1236234250749793,.8170546817148105,.0075531329486975,1,-.2073976957797571,-.0136756467228722
-2.254465262440237,1.343114692528228,-1.850256142026781,0,.5892873463181625,-.9573859580073507
.0749692195437214,.2238569238256022,-.565041130806061,0,.7318313663130327,.0833693596919129
-1.72683428741106,-1.393341133750939,-.9364222190046816,0,-3.029212979794709,-.8993990571992088
-.4489451485468712,1.126933278101262,-1.371375276824135,0,2.340079343211539,-.4960756590486995
-1.890763389774826,.4985976682340274,-.0594379216793519,1,-2.652196639255592,-1.188329720104356
.3946428149381862,-2.081270723284334,.6645857679784738,1,-.6873288252461242,.3137770149605221
-1.034260322158911,-.1462729846836142,-1.243793568077219,0,-.763005240490941,-.7876828698131155
-.672033402330836,.6164655584490958,-.7326623993205518,0,-1.521826591573224,-.5673951563307004
-1.092830375547934,.1865673782407705,.240493255172443,1,-2.617000510806584,-.9894454700871333
-.4983867435355842,.6179791234847847,-1.175480301020601,0,-1.019205218638897,-.4764067277442161
.6650858645060379,-.0214298378937378,-.6026812690007787,1,-.0689718806535621,.5541691345763493
-1.550526579656492,1.240623653144666,-.0328943804338267,1,-.0569722782805848,-1.011500931160737
1.372832816455446,-.604210545532115,-2.714487059129564,0,-.2426281028014166,.6793449600421544
-.3662446617731066,-.2666223143263436,.0459438916751821,1,-.4247283395216721,-.2402354825621624
-.8054115896319867,.3357066369302366,-1.620767437305299,0,-1.142485384671323,-.6356576815872164
1.728726798437149,-1.9165425216267,.4588729688115746,1,.809124495199776,.9030795217191432
-1.357069740736829,1.20247281527684,-.2688279520455814,0,1.187516133349758,-.8923389549491259
.4644452784621301,-1.323268554350038,.1512676222434564,0,-2.287319867957958,.1973833917584744
-1.041791152146822,.4476530649833266,.096069978796561,1,-2.260426552442008,-1.057385007796248
-.3500085676054182,.943456307986989,.8053629451035742,1,-.0897472237912003,-.3805690373593089
-.8168291662185181,1.018150477153181,2.291802269619633,1,3.284189522526923,-.7187548904974481
-.0613065481869033,1.904939371251613,-1.400828949145891,1,2.594980492720793,.1265445434763559
-.7759044843186823,-.5690350346896634,.6852782412196798,0,-.2268289437167902,-.4996010925426257
-.4261625695346958,-.6751600482038882,1.400891418370636,1,-.3076033333636625,-.2055071558515285
-.4555559781437077,.8153524015598217,-.0003123602608074,0,-.2547687114278055,-.4921982285379017
1.071907837678336,-.0621140708883141,.5096079528961134,0,.7450388616452175,1.057192481876559
-.9135978547450101,-.5621426147304043,-.7374090878421351,1,-2.377542876374735,-.7584783321800277
.0259106319541532,.0283724285281575,-1.211624828611876,0,-.8221456753596108,.1352747984726757
-1.553524961660327,-.5807376287760679,-.5278219941112869,0,-1.114626784891572,-1.407922616190346
1.215737626342781,.5771697592949784,-1.106815179902002,1,-.349596781761667,.6356068415168301
-.5448537137144239,.3166721290995134,-.590767610916386,0,.6033617119764911,-.4495301043941274
-.5619162974132198,.0312104177470607,.2021573809453402,1,.3122856736013015,-.415390533848206
-1.176914838381077,.7929773977895329,.322019331627636,0,1.176571674174437,-.946831790285654
-1.378808439649646,-.6104406758223637,.1380701310341602,1,-4.427248151483437,-1.734544186312086
-.0661620565401472,2.679839634257198,-.4738811257058014,1,.0470989833317859,.1219986722834174
-.2296068066373034,.3893619253930197,.3020787493491091,1,1.305006420564016,-.2609761522392031
.3918260584911528,-.1392987266524977,-2.085347358770906,1,-.7317220610568524,.4119881463496831
1.006287141339177,-.4650475407940208,-.1494056662673538,1,.3116608968479233,.6156169816322865
-.4084222194620146,.9796754100356613,-.2466613836656449,0,2.135720122253355,-.4265888061242973
.245220044970524,-.7440024220788761,-1.24149929613117,1,-1.955076069926302,.2080192314223521
-.2135000810435391,.2903746797759084,1.187662102084925,0,-.4581807053922625,-.6664329853991127
.6237306433562195,1.115669420625867,.7596571704996758,0,1.965055243854277,.5774163433086832
1.491439553665275,.6335528345421314,-1.807385522954224,0,.6554197904429705,.4918715891259047
-.0666724709766433,-.3638310104386338,-1.182301573605007,0,-.755723606333776,-.0080089900075553
.0248065309058143,.8268792879437912,.807058695346177,1,2.651442911295614,-.0036475647204117
-.1309580487697132,.9867649607293154,-1.357560809391609,1,.4323963974670225,-.1035923459906345
-1.308644320463511,-1.318753998682087,2.056456529866685,0,.2868380843020295,-.9113485013496994
-1.498779215610708,.769836092005283,-.8070341819985896,1,-1.739535815706844,-1.252426376096154
.9212905739740741,.280929600108872,-1.602010475600867,0,-.3140755433806378,.5796163998793695
.8705084500818046,-1.187786820877627,.9304151670258226,1,.1670141340333493,.7272588905224813
-.0595816468754598,-.1961006904719132,-.282272627325423,0,2.046717497817308,-.1415276287877268
.2649969397851483,-1.19634408527679,.8630841589344667,0,-1.412800109947592,.2191843565764691
-.5122723439063356,-.2501055946296035,-1.59592939042857,0,-.3564851444617503,-.3928819396997985
.497343988537317,.3718643729057657,1.339753700641068,0,2.746775737000291,-.0442763731615483
-.1645057305553619,-.2723981902775403,-1.371596029201367,1,-2.110009173994109,-.1083991362082908
-.3835825400070072,2.144077037776094,-1.028385028456328,1,1.014368919170431,-.1740308621890554
.3628573475408862,.4542312945563098,.1869835012185107,0,.3078500537972313,.518503958809124
.2036600109472199,1.123797104564316,-.0492217799472924,0,.0755663807451734,.4311096054910881
-1.205092517311591,-.5347601566742131,-1.462023464947381,1,-2.257540883944813,-.8608560081592933
-1.062430108320334,.5449381939245217,1.371448233480576,0,1.460458468935677,-.9630686845385859
.5333038820149456,1.138930672532676,-.0461942058795579,1,-.8126969867794276,.5274310127245951
.2028729881703969,1.03952174917219,1.248343312952847,1,.4011046969288909,.0259308047315221
1.636447258901842,-2.408591747823818,.5637756700891802,0,-.6202246572254302,.9007667480564614
-.6245015171585199,-1.175772769043647,.6206121160010857,1,-2.200501301892017,-.7241778043866187
.7733322208276785,-2.121670180867312,-.1158457575293716,0,-2.678768764926672,.7339854683654492
.5515462813309613,-2.326244446231148,.297868849484809,1,-3.077966353325323,.4790723060197708
.1642826795137124,-.2946469298148088,-1.287117283898851,0,-1.521614487798592,.3406728519024733
-.4801675206185976,-2.080876342418112,1.127936667935041,0,-1.349580098984395,.0217176543099287
-.8032597041122266,-1.236107421680128,-.1458442804992348,0,-.0104558473659997,-.9199011315124865
.7941418472620806,1.26607032177444,.2622369115215464,0,1.383734259766161,1.11882244344797
-.9370253603340037,-2.438489841679175,-.7458004927877857,0,-3.765214033426698,-.4348850876985413
.2529884163879494,1.669674971671535,-.5075427133553139,1,1.677147411419605,.3982963572041585
1.253297672952653,-.5618376811283053,.7140604846098874,0,.6377312472487318,1.043470816863563
-.44817915504191,.1756548828990454,.9494325147180208,0,2.629942130309231,-.8904238673568327
-.8004167882463621,-.2723114966144897,.412158738125808,0,-1.186932689803408,-.5389342542258085
-1.503837916051705,1.134476871022998,-.5405792064320607,1,-.7272344863213449,-1.000416080599852
.4197676558191343,.1282397956859998,.2121186086432901,1,2.262404607822361,.4489656834645934
-.7911896736294393,.5856984895848782,-2.098437803094825,1,-.7424565475144999,-.8113554896979038
.0447508057401169,.4451913441939173,.309784730647371,0,-.0855494459869338,.0780410924310779
-3.232106142174711,-.0926615585074441,.4253171049192552,1,-3.55135075372703,-1.534522522681844
-1.233868287403016,-.3915160845426015,-.4702739539661084,1,-1.44461652520266,-1.038135653381703
.1758379446382108,.9487339641086295,-.3569557814301995,1,1.72940564872704,.4212190490902821
-2.277788518603592,-.3585423719824919,-.8976537472003394,0,-2.369947580349179,-1.125111344358031
-.9445857190474,-1.4102649000566,-.4765615885858764,1,-4.111191750817503,-.8427535730365125
.9178133509800633,-1.9153360052496,.1874951769341436,1,.0613225206579838,.8272413777951955
.3024774650150889,.934812120020881,-.8518041468405614,1,1.628890905758815,.4816693985744895
.4818907841985746,.2557467678385739,-.3149831236088222,0,.0256045479543518,.4815039681541931
1.055006487996578,-.0034806089127026,-.1644255191710403,1,-.6982964333070034,.6670609779417724
-.5585922668121569,-.3351797436924784,-.0520832935558761,0,.0862474612404017,-.331381841125168
-2.185272167730655,.4374336183133543,.5043005197272371,1,-.5451145374289986,-1.185931626780695
2.453874638540604,1.732071704197506,-1.217195359550692,1,4.961369201244645,1.240632157324943
1.047959285783605,-.5561263571206501,1.155805352900388,0,-1.70445100664826,1.077970248443705
-.6625021614404387,.1720301733507436,1.131814329386112,1,-.2120961047582725,-.942231250323686
.4574118696528188,-.3039756492364553,1.501784936149673,0,.892121408860045,.308041183874902
-.9118300888615467,2.188702135278772,.585617749629936,1,-.4272247235512563,-.8105684815198559
1.059555524365642,-.4482109820700181,.2142525902195683,1,.3280570546312969,.7551788190015403
.6270940936031691,.0823693740176227,.3475383855102157,1,2.996884423035577,.6450361750499314
.8937818021672098,.75594060909423,.0116949975395056,1,1.601852206898069,.6821513054487172
1.651743186705574,.267572000069773,.2167946834924686,1,2.050874616353151,1.374344896208269
-.6076680025244681,-1.258391006296218,1.03097809672105,1,-.6764610002982605,-.3509516598628535
1.532352461029986,.7227546600286082,-1.57424031822908,0,-.3852533701351333,.4713565451026047
.8550246996187001,-.8942962263562991,-1.441343691317695,0,-.628255141832609,.4067063877805925
.3770508079394208,.497305990013184,1.192615381250827,0,2.23964735900688,-.0011600018512059
1.44547550277334,1.913405196960104,-.3372899794496662,0,2.138073222845637,1.483585716747506
.197269607639995,-.4961798084162307,-.23254577598615,1,.3002005218198498,.3022636634486527
.0920598537373867,-.1420249894373075,-1.251123478083388,0,-.2933202461792187,.2766250743920637
.1123824538854635,2.412481740168008,-.3541977432185733,0,2.077560378356488,.1783712320012807
.7430674720723101,-.5404220565197555,.7769675635286984,1,-.1031203699756843,.8181494030446735
.6599971122038677,.1318212848040775,1.011510647009078,1,2.038549420267379,.6435582920895908
1.24867449085541,.730024924072069,1.011435730326561,0,3.468046918560626,.8164166636228316
-.1156845315927154,.4094897486174741,1.423683312693177,0,1.597381997468423,-.5321807281263062
1.362211830651963,-2.260337111297007,.3810204524313396,1,.8686126917236615,.8910491022172193
-1.67891899177257,2.286196186674548,.190755383271198,1,-.6645057294320554,-1.013866170601719
-.1102802333260439,-.0850663029121697,-.3229210279109433,1,.8253508266129522,-.1407303445803184
-.2945148890213755,-.8636075336424659,-.4483050186158033,0,-1.576782735812664,-.2595887460417434
-.8910549837463388,-.7933019172080802,.1152236311397234,0,-1.289548171701316,-.8805513405391523
-.656051036032399,-1.194588393272898,-1.425017871682715,0,-2.634610554815461,-.5518454468064777
.2741193497452258,-.4016375305722228,.9555393784083924,0,.6304439266460045,.3657986313261833
-.6566712619358324,-1.034958194924318,1.414207445303257,0,-.7176296182196289,-.3733731640769575
-1.039924230892434,.3187009306593539,.1138920094649911,0,1.220227895222445,-1.024632398933492
-.5002233622054564,.1688692204053176,1.764041040139166,0,2.782378789227292,-.8882346902283351
-.8789713295351674,.4446005913846636,-.5561999195558242,1,-.3606639630854548,-.7606868368797507
-2.700541608065112,-.6731436144950016,-1.277480676259117,0,-.5223074050750675,-1.224421214082005
.0932755572668427,-1.076133765151738,.107412007867415,0,-.5647602735497113,-.0448227591340877
.141996802780868,-2.044855818665807,-.2187345156835804,1,-1.499570590785723,.0719082452899586
.9542998452446468,-.5051637692608419,.4508845271848698,0,-.6061226170513312,.8920130924929109
-1.543332678999412,-1.588812303233067,.2514689395643274,1,-1.795792793369951,-.9670684592127525
-1.042633337406897,-.1693201137714243,-.11900824954752,0,1.631206793367869,-1.030365536620151
1.085783089674948,2.274613728454858,2.571923812840596,1,3.150830047122041,1.677200096367987
-.2058666191335201,.2644424031088629,.3655268023278605,0,.2558280449395867,-.3712062097905675
-1.646508978361072,.951411376042917,.0666515262555309,0,.6807274464334263,-1.239191419509023
-.3091006775243147,-.1584907510044203,.5253868557889887,0,.4296526403142046,-.300501552315088
-1.461423392002566,.2825943371283329,-.3903963895124398,0,-2.796656635783704,-.823990119547569
1.124222447296478,.9725911560821682,-.4998339082154809,0,1.064595624739838,.7312766444525407
-.0591089385417188,-.0375827544638246,1.061768189340772,0,1.40581199291039,-.2365907622204851
-1.247306769865124,-.7185609231744386,-2.442743621331053,0,-1.717274409502936,-.9514257803511197
-1.056102612237118,-.5278016024854059,-.8575313055549707,0,-.989060166383573,-.8116774177937041
.633553007555153,-1.647566573582474,.8124068463011427,0,-2.250155691752469,.5851082359123874
-.4575980860628676,-1.305344389035956,.9864133009144538,1,-1.821094340094941,-.293520839849069
.9534171946962442,.3130233189122379,-.4140155641093115,1,.1033129302801932,.7445743873571959
-.1021931016353604,.3260789612392638,-.0342042517417458,1,-.1865529468902315,-.1182308060318937
.0015953125435518,-.4390445026046225,-1.910095429810226,0,-2.658628766463112,.2231245053370046
-1.633314479092061,1.090577379243207,.5358039434287855,0,-.675078755516451,-1.163221966103804
.6128908810444123,-.720471718203657,1.672894016944044,0,.0234181810163161,.6931579806920147
.9084333237233798,.9595236104932257,.8009244428183441,0,1.485715770559988,.626425990471966
.2629069448110725,.2854502863865387,.3611829547969501,1,-1.520759436560243,.1760817863098221
-.6001450142219898,2.039996409687555,-1.35244819568765,1,.253163249562364,-.5236913673812775
.0498659362314201,-.6086854558890544,-1.829829120217617,1,-1.805584569351009,.1873934974237397
.3767859367065539,.1858918492930372,1.96901402597363,0,1.391175371843669,-.1244096388804627
-.4344789025212443,1.182571641316138,-.3201330305667318,1,.7453223269137584,-.3316007949888233
-.7561531093586734,.5366184565848455,.5057508882865358,1,.2017678609618622,-.6506406291594182
.9524937020255431,-.349909094654657,-.8969190224239022,1,-.8997429013224003,.7209322822508319
-.3375432515321286,2.00357611676392,-.3512887862876712,0,-.3638098133961363,-.1588988357882153
.6269580392321317,.2705223102627357,-.7619592508704877,1,-.3063837164545287,.5018704301390842
1.107041971729706,.5439378219482082,.4304696273977757,0,3.300446439650675,.7027532307624633
-.2764222210714467,-.9552979213750298,-1.287457375450891,0,-2.588326139878188,-.2163626075828979
-.670532732559932,-.5293382245594789,-.6544747900779843,1,-1.909372717166001,-.5635433858965562
-1.122707582384568,.088306156284072,.5259863403934498,0,-2.658250941569076,-.759323648569403
.0004743491580682,-1.058638423059163,.0127821889367435,1,-.2773858506957092,-.097459082283839
-.476614763750653,1.646890999146432,-.4684495402890352,1,1.484582169845118,-.3102075125324526
-.1258830237289817,-.1698716394627879,.8502708367623084,0,-.737570242525343,-.1689771892934282
.5728264397566502,-.5227210096488819,.2498940642810654,1,.2996748509107403,.4554996456898636
-.7394580458150894,.2634426262247644,-.5230250397540314,1,-.1126534727358698,-.4523000952288706
1.347465903523713,-.698204098819515,.483411878242767,1,-.2331113391426425,.889361464813554
.2875698788150529,.2837382014423115,-.6461522610947795,1,.3201158989445856,.4309970813041172
.7604296407939307,1.334508432518554,-1.022693964115857,1,3.852339737590326,1.134164550121991
.4811282767849636,.9052131042498188,2.534250478062386,1,.6288125466282501,.2340131518753834
-.2840123808967743,.6327449353443745,.471537371251058,1,1.612200185559901,-.2811188115997967
.635862243136473,.5596422853375616,.3446527713768419,1,1.375764500359818,.5738175127552503
2.108085684411339,.2421906051776175,-1.501067035630322,1,-.5125140525099758,.8678915966303988
-.5503105873838233,-1.96091040006294,-.4458106428062207,1,-1.592469348014708,-.2738996045059139
.4144691670969566,-.0679489313376725,1.110258835220321,0,-1.056179934033968,.3397102905286695
1.121610543428663,-.2384238328997544,-.5348970261878228,1,.8645368031307765,.7493305047274337
.1737099887068391,-.0381665659750121,-2.221649430903061,0,-1.411173301372262,.2458372480596633
1.19341096327805,.1422104638289113,1.002012220428632,0,1.41654502233536,1.056385119778573
-1.246068235579534,.173076028892294,-1.941383120677377,0,.4216332338994071,-.998924045347261
-.9244243577244502,.8705783999344554,-.0275946955400919,0,2.167019824261292,-.8807023741325166
1.470593516588279,.8204465017791136,.4970233244117889,0,1.006664814810764,.8360231764410777
.1691988072192453,-1.400571576521205,1.701390145400211,1,-1.726007050980225,.0291541356877794
.1741060077334901,.1049840214333469,-1.311365838305186,1,-.6763094052915741,.1530709200328688
-.4645026193569978,.4649337159413931,1.711620051780921,1,-.6101682348005735,-.7444813162828696
.4173924027130099,-.1556945494204716,-.4129520646174292,0,-1.657396451932483,.4834760556246234
1.685676945764628,-1.986349757742571,-.6811019583873298,1,-1.344908965940597,1.114076205547067
-.0426671304927279,-.4706932167746612,1.453329234071838,1,.4941856534744994,-.0364652636904567
1.356747324394998,.8428598011405011,.0770446997872935,1,.7744980176525251,.7703666814215944
.6116663583598612,-.602168279180097,.2902662379093349,0,.0329257852115076,.3356719005211439
-.0401302065621152,-1.558483084134314,1.306182343507181,0,-1.827618728519929,-.0898585036091628
.4339565300484712,-1.115382857357312,.627504456856243,1,1.132071257007597,.3783640796267207
-1.325089279264611,-.3035177496064441,-.594403273711699,1,-3.438892499542039,-1.197806072430738
.6379211940337436,1.044786712891577,-.8328584040164857,0,-.2403071803743453,.5881718149865871
-.0961203573447993,-1.137729808418846,.0006785281904893,0,-2.176194504512776,-.2856976640817854
-.5530487274300523,.7068179234250809,.8327383846172441,0,-.4178106758354645,-.513854160608006
1.042862461398749,.9941426946926029,.0853804720616696,0,1.338192351646089,.7708212571806063
1.212291830230974,.4108291339270515,.0971732975452909,1,2.749879774658097,1.112970127407487
-2.897242037895135,-1.29274222393114,-1.222097523904339,0,-1.89165940477658,-1.042222417088614
-1.225371538383757,.5136327577997409,.0997394920447947,1,-.0752123673137707,-1.088091699810609
.0304796875642519,-.4026652558781736,.9662319674765958,0,-.1950519024539371,.0367997088819491
-.0374443141539409,1.085167221481063,-.7417999294022591,1,.3903556629979809,.2109260244925182
-1.064498057458224,-.7387825533138231,-.5672681004233251,0,-1.920618355408518,-.8764194955249698
-1.197225154807097,1.806599352225745,1.294892926163506,0,3.554275227759977,-.7791329295815848
-.540010348220749,-.2749300171268534,-.0561390810443986,0,-.9945904121180296,-.379790300205934
.5548804841798815,-.7976288523598424,-.4878604575077427,0,-1.119234213515481,.4871813711080777
-.1392838220858757,-.6499167815343603,.4223840651131013,1,.1064093286593415,-.2242658804389664
.3878733654830971,-.2532224721415437,-.0202533405926088,0,1.417544866071751,.3520128841664191
.4826624114634072,-.1764753013846913,-1.895461846822886,0,-.5826158799152658,.4216576974985735
1.400238265386202,1.84333715955899,.7949812266624869,0,1.439229360413821,1.701590657254351
-.0001299485979117,1.56435667576406,-1.095009370453663,1,-.1951353632938544,.209228103487122
1.071971145119305,-.7140711402966193,1.116346473328263,1,1.378105705585511,1.039523874866203
.9542841344102798,-.7820266906616169,-.6400710835671255,1,-1.500382832510102,.6719949952842267
1.012649653641289,-1.165279516265181,-2.067669419015914,1,-2.936161934937074,.5673690766116828
-1.287351461799,1.188618202451351,-.3450568785528718,1,1.555175740558755,-.809781778183537
-.5659018229103198,-1.548904696549356,.6958875992421734,1,-.5473975634287576,-.286531666704807
-.3587468100254664,-1.944582961937676,.2973828972149782,1,-1.607319728116442,-.1327434522505762
.7150052487124747,-.4029659055110629,.2669219644685777,0,-1.67476992615371,.594382582857797
.7122309571669263,-.2940366472166167,-.9991437772386973,0,-.6908587724906292,.6408579574553634
1.784456975272024,-.663303072656949,-2.144860924313829,1,1.009785771459643,.7834232399896581
.2353602915581383,1.129023766694818,-.6180333131793068,0,.4826338617270308,.4824657824075769
.0435007849302239,-.4251619003945621,1.718199125034006,1,2.025126924777553,.0078045124545
-.9470256478793969,-.7141177009478531,1.488114184994081,0,-.7344646340226202,-.598868809570049
-.8559987782243327,1.076572553528955,.4116701286823439,0,1.050367536346775,-.835379510122791
.5591904560176987,.5430460073540375,-.6372101906152171,1,.7061100487100818,.6054444625410728
1.645230949813691,1.303957174269896,.3514517678995303,1,4.188974466188451,1.512540339192296
-1.025120938835995,-.0279802132335437,-.3728057377377342,1,-.4260474544720804,-.8742686185614221
-1.74332772559359,1.119780723768379,.5894529044195235,1,-2.139101210479628,-1.234054962682784
-.2207663632784873,.27667884265688,-.2688572937347101,0,1.296071251742195,-.2821962082459467
.0579898924113626,-.2500406683187507,-.6093151589122342,1,.4403812173994884,.1985914212203767
.2041624750405845,.2818413009318864,-.2947514511925811,1,.2307945630188751,.3070521348329173
.0346343698175318,-.8602746323191047,-.2709296499524617,1,-.3713958311989938,.1497836624555107
.5029091560971672,1.986470028246251,1.297688251153791,1,3.617592674342759,.9268221986940306
1.549097433781428,-1.127214451872952,.3655287703551376,0,-.8406522152738271,.8189157536337953
1.232667524929087,-1.124964086822818,2.551124034343525,1,-.0209480578591243,.9637818831704585
-.1227420195420337,-.4576122013162095,-.7517400516598224,1,-1.432756345661779,-.1042951944435093
.5075638695083386,-.4646930413095247,-1.007056559035708,1,-2.773642061966701,.451043710548666
.7396571137024174,.1355168620361353,-1.206624476338603,1,1.535426707885569,.571921324804711
-1.304777213803407,1.108881854542693,-.9165391263835939,1,-.4667092081572487,-1.117771447882474
-.2854879943720973,-.876532751378956,-.5853668177292941,1,-.5975739017874018,-.2326979234440043
.8777569752310622,-.625465909149849,-.6712949820591069,0,-2.233632972821452,.7291787095570317
1.236958126644937,.3039511586067349,-1.832763949518751,1,.3502304297379173,.6622686628417529
.7598361977714289,-.5959306302582245,.373252473625321,1,-2.326716623951393,.4625027696035194
-1.569859516940179,.3003736406893291,-1.29356083870716,0,-.8472715775194224,-.9735679780205615
.2585155691109634,-1.219887296957783,1.159889313512354,1,-.1308135134881751,.2973487564697661
1.447666510820523,-1.863719867173912,.7433614198566376,0,-.4778692694869673,.8961257576022938
2.394139668466099,.7603665939398619,-.6745635230814461,0,1.148161859105195,.722522412133656
1.9804148763261,.9497641194775666,-.0031046140716446,0,1.5393846995562,.8362903108142787
-.8918694870557625,.0006994012816909,-.8945277371445708,0,-1.187996787914264,-.6217068896582967
.1571143390896947,-.1114129492489687,.7640943336167321,0,-.3662298248932844,.1673979303740945
2.444994052676662,.0540844341009967,.1665353322206549,0,-.7612052206073106,1.302201313412131
-.4228111060597275,1.134736778885208,1.19218496437413,1,.6393203378697948,-.4912919085025282
-.4111473236278516,-1.742549388343961,.6406374744032951,1,-1.561277195974362,-.1468121435033654
1.482279539252108,-1.35693103035321,.0589020807486487,0,-1.667254626002383,.828714359997207
-1.662725161345405,.5745567626052055,.9744969987456094,1,-.759363299602079,-1.184748453371583
.6096010232175986,-.3212030968549964,.4281370773000546,1,.9466466471850061,.5483229111923313
-.0439570750005941,-.1554335344377448,-.4813639779129287,1,-2.553320829838435,-.0837659837201373
-.4714206523505134,-.1852715400170699,-1.485172217082311,0,-1.502963664052384,-.3610697403752718
-1.849201824122367,.1015442534761295,.9192902217236991,1,-2.00142054438211,-1.167954226610394
.4323531895291749,.0419846539612376,-.284652542707532,1,.7688067520427146,.3713813387000091
-.0690699669846653,1.71560533666077,-.2005690644442392,1,2.533439740784385,.1071147892040965
-1.092475610147539,-.076953967114097,-.0346338267510237,1,-.4464764594243801,-1.027533016593595
.4720192920202457,-.1311320933367916,-.6171117136533144,1,.1226065260427465,.4922676775603042
1.518117024140256,1.47006946851796,-.5009221596784731,0,1.377220943098724,1.471051846695692
-1.437144933875067,1.315412286197472,.4783476832254471,0,.969035291833433,-1.051668367915788
-1.448604773894431,.4633384424414305,.34126991787121,1,-1.286328292312979,-1.008660081130498
.7296675925257677,1.645022965514029,-1.147624388914139,0,-.3802896577670218,1.019512373219166
-.0950807406810163,.7018738162351126,-1.132613360455687,0,-.2577317425770973,-.0796593320449536
-.5146409624463326,.7447616713158809,.6682686423256279,0,.9134315320651697,-.3992193943450704
.9385093568712262,-1.448674040537274,-.597199928291022,1,-.7137141100859072,1.051090575546875
1.142867565263147,1.292860111046369,-.8151737260839358,1,1.359910688285753,1.109354015909443
-.3506197336579321,.9929107949823321,-1.140280544106429,1,2.004537007585066,-.3259191936314271
-.4673897840779022,.828623224665735,.3388084820310485,1,.0414206964990331,-.4411961112261914
.0087930647789861,-.037735607273824,1.753879434073737,0,-.6170131261321694,-.3327448342597985
.5571357585877251,-1.241653810220465,-2.097113266597349,0,-1.8120552679512,.5107974596296234
-.4132079077726458,-.3514215391697373,.0163953405399479,1,.9167986201140852,-.2613605546505016
.7671683246818646,.374532354068084,-.290655637905668,0,.4483518705867877,.6967706685002238
.1473806613369033,.5123043980188789,.3087497400981184,0,1.338901782370739,.1508236700205983
1.217387586922187,-.3728194828262497,-.2121020112200768,0,.4256406701240357,.6860216986461188
-1.152478774241841,-1.25908663712845,-.2439686764879105,1,-3.526520016724193,-1.144135204897065
-1.232284814756256,.2591962013397028,-1.726618583608836,0,-1.564355445388997,-.983525131968747
-.6380573190538718,.5718733836878195,.2512938305422051,0,-1.627416179440713,-.5472561464114597
1.369747663389478,-.8725466600673764,-.2714726442428783,0,-1.222148397128271,.7509205232995692
-1.424311185656635,.1190474097008002,-1.177362721289558,0,-.9829556576050138,-.8892568828008245
.2661346539273259,.1128476172009896,-1.017288989062226,1,1.197321734202467,.3111825085120914
1.677164068954159,.0855238822407096,-.4719318928111483,1,2.20324672101443,1.024387468662573
1.134177933114358,-.3295740338836065,-.8643358171954292,0,-.7982761135442341,.7788405323541693
-.3905165474910504,-1.048113700244988,.7896343896096578,1,-1.709525985200651,-.5256738772575908
1.355758726481104,-.724321333690467,-1.205760878432706,0,.282366809798666,.660633409521185
.5959085074411932,-1.401066954295084,-.7427521916063946,1,-2.139266912329808,.7233185076893625
-.6074409875689299,-.4915837947234586,-.7737877503196519,0,-.2736195269821121,-.4995053116110815
1.015870196131026,-1.253006449291694,.052125059466964,1,-.4818780501637029,.6633765256231449
.8287616919777953,1.336091612739225,-.4426693664578282,1,2.190780410248309,1.249567067639036
.7131654900149998,.0085819390003328,-.1697892417644872,0,-.5822427083313644,.4730111004744865
-.42066327818808,-1.072338375614794,-.0419196747434286,1,-1.082974949279664,-.4444815704331146
-.2813387286058526,-.743331827090689,.5722635387148892,1,-1.314923688837463,-.342859949389797
-.4445588296494078,.7188498112563413,1.092502870223206,1,2.497482546504747,-.5051266604186824
.2089758295592126,.4060513697272218,-2.777458037215439,0,-2.015935149330227,.2073119932469433
.8581698869486611,1.812384042715688,-.1102089487868258,0,1.266376956749655,1.308717176112272
-1.944579374615991,-1.312079040981478,.4912431299402452,0,-1.905895177412852,-1.305851801761955
.5513057912955583,.6265531228134659,.3753874452534504,0,2.186314514646982,.4879112617772012
.843642159822066,-.2509938264596455,1.408462049616095,0,.4602950264432957,.835317493666234
-.551111519883126,-1.728993072290009,-.0983493247844985,0,-2.999564698808083,-.2806258147188103
.67030498725889,.6212886935844615,.592488849607537,1,3.332592301447358,.6223012795729361
.2102050837078008,-.4607010824630302,.9631775051397309,1,.6168960629004718,.3355855143990148
-.4188422722425669,-.4271343498162502,-1.433331849708245,0,-2.049399948659269,-.3313810134655673
.1535163874202658,.2746240040980868,-.1936737168375097,1,.1263772811540537,.1906665516542
1.151851202360785,1.015291303847917,-1.252677394794818,0,1.772415913181592,.3989126898658277
-.206825384143549,-.6547141071562996,.3557425763427314,0,.540233598514677,-.2807536284091958
-1.133983203886204,1.202850163661738,.767829752152655,0,2.373061405380707,-.9248355160377405
-1.829640173617612,1.519244022108725,-1.630749287498826,0,.5530332976687444,-.9245215545356397
1.884338992438293,-.6962706528071076,.8394839894614122,0,.5877508411923997,1.068341472090598
-.0908694011479444,-.0309861056267268,.3861667535536291,1,.1093493250624799,-.1597351672387208
1.788719726970503,.6754771624314245,-.1671226460985807,0,.9429493188635749,.8457806851124796
-.5238748723135781,-.000167954717689,.5667453404164693,0,-1.302338423100701,-.4876396444927198
-.9816209999401674,-.7169066197098799,-.4760199801110419,0,-2.583984228180124,-.7849539456528651
-.3025646730136311,-.0322112954591601,1.599426341227319,0,1.737371559416898,-.6130236941501568
-.9112037725237238,1.001962557404356,.4718530166893184,0,.702606537457511,-.8286776501729565
-.7120245608649662,-1.470496208031345,.6325532762755924,1,-4.04843916399123,-.5660023795818745
.2380618515880334,-2.479120168490988,-.3457953150415463,1,-2.847094756875116,.2106818120740814
-.3771502448109554,-.2760869128362983,-.5322485264990449,0,-.6688326198044682,-.4154157900068247
-.4471239176263044,-.477159999910183,-1.519811663494325,1,-1.834962189938634,-.4153107437362231
1.076165038304534,-1.191648950010803,1.101125726731413,1,1.087727103352182,.8919787317838452
.8933627365255702,.084606986173716,-.0824471383596232,0,-1.074755803100561,.6640512858632442
-.2636034100603042,-.1074440009248468,-.188442302994772,1,-1.579107875695674,-.3067245633015433
.7304637756269592,-.6563321785569742,-.4704209102131391,1,-.141107152080674,.5417662125361276
.2073108365143807,.4900383341057201,-.8334604763836337,0,-.4421790153397027,.4393996933111561
2.45861603389564,-.3777915547151911,.4561482716316408,1,2.085764053870605,1.1759879508554
-.1708390546084476,.6047964264474256,-.9725763434578145,1,-1.022114466013828,-.1876303066307907
1.542045378715543,-.8968307440106493,-.4482072987169589,1,.4649095590632827,.9092235292261917
.0867686465893341,-.7376880741931621,.5440712405694929,0,-.8132995618301118,.0553457864610502
-2.078712528341693,.8267657795164343,2.090365427535414,1,1.794337647367897,-1.050363566650813
-.608249666211904,.0073105456177528,-.3463972375726469,1,-.7240179824430766,-.3823937829590026
-.6496204938550323,-.7857339299937617,2.922896531653997,1,1.34058240137648,-.3052271175999416
-.297190199476022,.190267539807868,.7540756774662765,1,.4865054141705693,-.6423221817550901
.1557896865734546,.8537681425881596,-.4766216442624241,1,2.927239687381216,.3988146174185994
-.2252508649606244,.314672201550562,.4285154849851432,0,.6630462551894961,-.3825965516128663
.1544934503146232,.116067819856436,.3484379396107983,1,.1391564084867064,.0563116734498859
-.8601869663216557,.1011452252581793,-2.522309368353258,1,-2.054710239292545,-.6304684326983925
.6399853320351951,2.911853926913397,.7887307062906197,1,4.58837167471323,1.220418622996208
1.353575386069853,.5129896898030105,-1.092877134991921,1,2.458567105813506,.7890656887159684
-1.274314973618446,.5583746513279172,1.00683672918199,0,.3003920759925907,-1.050652177921526
.5940477614627707,.5906555923278853,-.7508555568903685,0,.3454905171073376,.6173352322705344
2.003830452421667,-1.133211812040542,-.0977865893246387,1,1.108159898220352,.824594305805364
-1.472012314623272,-1.393205977081202,-.1458002691541008,1,-4.12692906392939,-1.093559036966672
.8494298681263477,-.3504386827962929,-.9646028137790442,0,-1.408552468164188,.646384912375589
-1.910733530860055,-.2409024047117164,-.4917360797219555,0,1.009685720853658,-1.452243068644579
.6137836318223001,-.5570873136477356,.963553681215591,0,-2.208133690723284,.7670109762447515
.9832863036096928,1.485927887419994,-.7592514521529232,0,-.4030381367363771,1.30100849041094
-.6931845970127182,1.631391549994822,.074233681430735,0,2.258500642819429,-.6897872401598257
-1.153662510904816,-.3153579587413214,-.1251942617074902,1,.0518881805737863,-1.067003777588367
1.229047679905772,.7480092995226605,.7732342951124836,0,1.230810658522993,.8038201271287648
.0074283458148518,.4794812768730585,.6127538098731502,1,1.283875682784419,-.0522083122584127
-1.216424539202542,.158722599376995,-.5824546072781812,0,.1013153689410849,-.8989305020103238
.7735875381609051,.1144726045937316,1.534702988047116,0,.9373425694670879,.728796907620056
-1.418811784066305,-.3967478926980715,-1.881289112335707,0,-1.815179451032103,-.9396284098845968
-.0520302729734999,.5348077573691846,-.224257763314668,0,1.668961416236864,-.0184674251445858
-.2597160527846055,-.4749961453125866,-.2421241035060311,1,-2.290052817847994,-.2699003262460205
-1.208556920286689,-.6319401408443177,-1.230514295628629,1,-1.981808278533043,-.9426394543006484
-.3234413166047905,-1.58898024145847,-.2437731042919313,0,-.8541725271903616,-.3653966002355649
-.0995690517534754,-.409222844059361,.4024639658780018,1,-1.127868489446491,-.0683492290467403
-1.573515910900114,1.030972842893632,.3539693052186654,1,-1.013218869079781,-1.16233749765675
-1.487869424703609,.9903144125976078,1.229093413702379,0,3.012825739745178,-.9379274400639577
.0817586840806109,-.9610272656642816,-.2161866163223021,1,-.8372333625496001,.1637343883879285
-.5375362938631778,-.8770619635401159,.0456078862682453,0,1.496324960197559,-.5286572639147089
-.4164591290171914,.8018968485269207,.0178348706291164,0,1.848544878035606,-.4522049648144459
-1.820985402040651,-.0411691481187016,-1.427440150028548,1,-1.350893103016881,-1.029608251740199
-1.730814666779633,1.33613879879643,.5684850702169233,0,1.375307241051141,-1.122630643677304
-.6068754970117896,-2.043573839124565,-.0495415094091809,0,-3.276876862727731,-.2766741864671634
.8121342344035676,-.3656512707762301,-.0550610497138207,1,-.5486570607316366,.5220147061303132
-1.347398051725325,-.1947667041728014,-.5161262832159204,0,-.4531004888361932,-1.250916485810004
1.581464980970388,.4146747247345366,1.194793059276672,0,-.1764175844085325,1.043801860884082
1.067307568696058,-.537535793307052,-.5168536812389255,0,-1.755089758102149,.7443519881623155
.835321098956365,-.7629433438113337,-.7350573878054377,0,-1.598170212322212,.6726998141483729
.5437757989535177,.5868758341827476,.5234223134728567,0,1.250706581934105,.3633091384094707
-.2989767968482641,-1.214339071697886,-2.976984380153418,1,-2.965051613010563,-.1564244692618093
-1.81861635950319,-1.466344668170291,-1.595629720143243,1,-4.403972787325789,-.8850770862037534
-1.043813575546876,-1.49486285706641,1.239226652523454,0,-1.158481976810146,-.559318250964703
1.476266391672909,-1.265586674053795,1.582286581309668,0,.138102561552465,.9106851650595378
-1.354955092438403,-.7708160103751689,-.2034586896441514,1,-.6446771844344263,-1.300190752434775
-1.531480976900943,.3533717522387699,.8092274377599873,1,.4999938413159768,-.9947905158339124
.7661116090867578,.7047583890530636,1.655010277401273,0,1.428829123219919,.8159525693613525
.0979199633274618,-.3248436757584328,1.538922563620357,1,-.9213707155751043,-.0455397164065859
-.7056818436663299,.0700874313057983,-1.1379759547678,1,.0481503806710744,-.3434422239567712
.0744702553870631,2.273914918360214,.8235073716439077,0,2.941010142979336,.2648257947204029
.0804408334779345,1.210056377839078,-.2362850918805089,0,2.019939688369599,.2753828778998315
2.234098469096371,-1.6227783366746,-.7445958267372464,1,1.1835915735991,1.198067926503686
-.7371182199608122,-.5953195653096666,-.5163927125003794,0,-1.91891364697243,-.563955446139945
.0081483233678562,.8059398224648108,-2.001239241058822,1,.5281837124999932,-.1227365226700092
.5587987344851049,.7350694366381046,.1054589041974245,0,-.7805865896482477,.5369812159753597
.7646865863246874,2.280861515419528,-1.26443159539338,0,-.9185675073848718,1.02514190794738
-2.554898990181963,.3753525159824577,-.4128368732869976,0,-.5708570062385893,-1.010783603503887
.9562274913990045,.3641986909540415,-1.441435788658278,0,-.1065720219026408,.6325735540561134
-.5728411486216364,-.1803631734025982,-.7144929813125497,1,.344200197852679,-.4949377557215464
1.468489302879146,-.0988828454395113,-.1446622985967195,0,-2.011383982643979,1.044961666943616
1.054803253263168,-1.16071075247247,.864299540141798,1,-.6461543100135905,.8099439604903313
.4753804074138644,-.3711618365801662,.2302857821334251,1,-.293749389975476,.3681256746995343
-.0865025343195075,-1.306734484330425,2.582335491302504,0,-.8472937608284918,-.2141380250681943
-.3275483378102699,.0201464340608314,2.357493526202221,0,1.429236479572956,-.6139365953749387
1.499470124439595,1.10217493783521,-.3932487327672395,0,.2115607081680836,.9448802968037273
1.042430605938262,.6299979882930034,-.7967881862858613,0,1.49253808197837,.6424313445605034
1.206423353392122,-1.647027416314332,.0354244897290002,1,-1.003074129483953,.9253323178832049
1.36140083108379,.5454758816257901,-.1508618054047924,1,2.459154423795503,.9309176163520445
-.0004527507798533,-.8166399436516357,-.772743093113857,1,-1.791610737230751,.0950329071141391
.40935264067366,-.6526059199703457,-.3154781284541938,1,-1.433824971735476,.3463266632783946
.3951925300381887,.6068463627258314,.575707656214686,1,1.646530832768377,.2415428676490405
-.630448742432246,-.446315413759737,-.2563807893227014,0,-.2955757112135025,-.4021328556105879
1.218680319625639,-.1828053212682072,1.37768424685464,0,.5181869902713117,1.138963425118773
1.527734649606655,.4281454119219457,-.8467518898303397,0,-.3232227650547159,.9082213363509613
-1.218787419605597,.6787273442503228,-.0491686801249881,0,-.5606328978301444,-1.019295539043855
1.756488862037603,-.5759287929899171,-3.069712423094442,0,-3.126088980972493,.8210203831343187
-.0174168453961789,-1.509602972869931,.6636585630607961,1,-1.454301275231606,-.2002205129169408
.3739448998564285,1.212423080905557,-1.047516282318917,0,.9151237310117899,.4630853799500974
-1.695313679808424,-.6212823247070591,-.5396390808598595,0,.0797343920190264,-1.490936491806886
-1.577832245714722,.1043126355998825,-.0731459817125333,0,-.659340949870696,-.9051014888484136
.8438940355902607,1.672700126843663,1.397919973150535,0,1.295721957834415,1.584702767283522
-.7881258158636157,-.8947347087519524,-.5227531244440231,0,-.5986213123953434,-.6668840405939771
-.5555914178198865,-.1740873264041109,1.355249169390586,0,.159307787411072,-.5004713683578238
-.7180650331310643,1.225895393240028,-1.2951846968227,1,-.3955851104389428,-.7521325518685841
-1.303496062962391,.4491861534366508,-1.211247298943462,1,-1.698182859731646,-1.027990472052249
-.2630934509962582,-1.514201279043033,1.103359090096115,0,-1.81719187799481,-.1741811996364948
.4393686938267678,-.2211173455288225,1.21206449570521,0,.4323284274077218,.4005058877131351
.4934439739422409,-2.91780939614997,-.5690412398954056,1,-3.404063432057854,.5223305763606052
-.8097486813181776,1.19311095108146,-.2872358317176607,1,-.4978335060565284,-.7423301203920653
-.5379872515717584,-.8724192664954347,-.7052297734995345,0,-.5399303191172714,-.5346338646840829
.540317829782254,1.33915347355271,.8574264005761801,0,2.188087741523172,.8075124523058204
-.9378042797528134,-.8145027333440752,1.106263082724016,0,-.1625921556795973,-.6887455758583123
-.3695770607053767,-.9069074542644235,.1087681390744414,0,-1.90272281161758,-.4325021459471297
1.453404656027708,-.7210476717783255,.4612283588534259,0,-.8187613232590787,.8968278746425029
-.6694869423808525,1.179598459932642,-1.055741361843352,0,1.120862304099151,-.7043246675826484
-.7416105395082541,-.4167721524488208,.5114298254963672,1,2.006617444353039,-.3527544888788116
-.2353859412360467,.8500064605869454,.7960449808486217,1,.9952205360881252,-.2304076641708979
.5606913084069569,1.694696112306654,.30161392113272,0,.9428102595904726,.9828430069841643
-.0892465354556465,.2584598474849466,-2.732363584421687,0,-.225116684901473,-.0993787934938984
-1.626050887292448,.2805630463145722,-.3720844064830273,0,.7836898334981725,-.8941066626441629
.1492130180093622,.2356970279292508,1.041759081869382,1,3.209752478970335,-.193407809498793
-2.039760861148835,-1.704343933355897,.7589280695194683,1,-3.420201934208811,-.7773635284406106
-.6292291292210438,.0697543983156942,1.508449255275374,1,1.66338986458763,-.7689379798921938
.0264998511725311,.0591177330380012,.5665370136313954,0,3.129488159298752,-.1529115278381965
.6546684433337477,.4779087308717014,.5794450964608665,1,3.092510174495772,.5900776764563314
1.068917298744176,-.8358782464973559,-.6825917511262365,0,-1.972888958716902,.7390525251025374
-1.400216548195701,.1085028105244631,-.6100256062400187,0,-.532591008056325,-.9055330824678256
-.3635457227893268,.6050716735995194,.0418356518088815,1,.6992826522690154,-.3464650580914678
-.2007461116233825,-.0055994210451545,.0346408006317337,1,.7145808668991402,-.1108699382685708
-.4305158762252642,.5614975169595836,-.9997262894331221,1,-1.673444900158401,-.4837154544614785
.1654274890621808,.0875201828229453,-1.590033044747626,1,-2.265107371382958,.1258874024081111
.4855797151736747,-.2630531824745655,.2100712391935363,1,-.5576644392828352,.3778268927678875
.6466686516350334,-1.330886221613401,.2774098820204211,0,-.2306543143370161,.4073646571385701
1.027274641639496,.1086021820544769,-1.799907610144447,1,.4677206153158268,.5591157648218219
.7232296440212886,.768399443890424,-1.605577849510076,1,-.1593079117579629,.2991668038292514
-2.382595122470059,1.03449516310435,-.732501969506608,0,.021395241791062,-1.240844265210622
-.1297610808762573,-.889257813453299,.1371621511360519,0,.5428940296036875,-.2843871540758443
.7604155337565663,-1.304226438345679,-.8053939422713838,1,1.085854325593251,.8841029371415896
1.171352931123622,.5563848615265627,-1.040016762678432,0,.1725670025541946,.674640671241383
-.0087644732198153,.8529202333729416,-.1536643591417551,1,-.2903601558376206,.1778606948833701
.2103536349789838,.5814283870904555,-.5594969845862716,0,.8860560898197191,.439964749189854
-.1289226013631893,.1635004169767263,.6743536463428275,0,3.184248279411202,-.4214355695234706
.6624938939156761,1.55080206826461,-.8053353636872721,1,2.469484124955604,1.03470151981878
1.331069563304246,.4431768080252996,-.8215365516128164,0,.1024319882964183,.8291607769253366
-.1827639719754343,1.362549433172828,.9919516058988013,1,2.323056049922829,-.1190691004261959
.6681132241735708,-.7611988108596911,-1.139726433551036,0,-.5246468622077745,.3957270819626215
-.2871039986454577,-.1767444782377239,.439143312952832,0,.4331988633889913,-.2538240958264359
.9206443651434846,2.574544028445533,-2.146263855326203,0,1.373999424076114,.9325199574371958
.3669082645591862,-.7515426873346005,.4586442013908062,0,-.5616407575969617,.2215347310464599
.319020435679127,-.6714828450875923,-1.125721796328078,1,-1.621268968715686,.3196748312180397
2.238616893603396,.6790493780613841,-.3141759216473605,0,1.962403536776707,.8389179618585847
.9999487065414001,-.8505470754431734,.0596851950530566,0,.5583831281067536,.5600967086497055
-.3004290312054681,-.9587728318573427,-1.359029403762517,0,-3.203198190455568,-.2746006029419328
1.179047601674154,.5323429268197318,.8349096408540022,0,1.288945649839412,.8563622582470498
-.3438855259508642,2.114495657582785,.0015971712247988,0,2.033834180464225,-.2214876264114873
-1.307537678610113,.9209602777163551,.2125336985933891,1,-1.453104706890157,-1.062893098350681
.2278944929610831,.1140455600248659,.275653409380234,1,.597489866570156,.2067811298224018
-.6235496083438499,-1.72674065782184,-.4463461692776312,0,-2.985036363200857,-.3952103408346854
2.160083734517579,.9710829148658302,-1.060552236739192,0,.1161849833575593,.5827610987065033
-.170033687687566,.0270571164791831,1.012821664466983,0,-.63202463421499,-.4820494830313896
-.5109872778403188,-.0367674976603679,-1.802317903257894,0,-1.43824045218525,-.3517607649551087
.7735521424750043,-.2251001627523028,.5586716015726318,1,2.475066346823356,.8687406367478177
.5668235208850337,1.165745240016467,-.7669617862261392,0,1.228506931517999,.6805956727499545
-1.468781097668592,-1.489297964319146,-1.20822182135116,0,-1.76452714888902,-.8614937499255486
-1.503744346926605,-.5465094880253268,-.3463882206972334,1,-1.602927900190423,-1.411507046674552
.3194465282859947,.2253104959190642,.5228543776101824,0,.9368205662540284,.1681084628470562
.7652507495186908,.131457223618614,-1.240819596302866,1,-.899759049323084,.5466296291631852
.4383265351202414,.1007323912376268,-2.335969535750548,1,-.7078587748401676,.3001728091327828
-.0182029295139712,.2832292989799222,-.4523034499519274,1,-.8340818393074174,.0337538432824927
-.2590035822628462,1.038213134765726,-.5462375790995628,1,.6865843728470541,-.1384096112419884
-.3808994894082453,-1.183277140653288,-1.018839661340752,1,-5.504003036502653,-.4467237980041068
-.9087707314533613,-2.569984901567157,2.310276820032292,0,-1.734714171099692,-.2573094088076817
-.4434737181377669,-.1872517040958983,1.328415157437312,0,.6829713932060815,-.4958668855460578
-.6257063173324647,1.32992801270486,-1.205701363931579,1,.6504491130852048,-.5905150832887689
-.3187670907315535,.1459179388045295,-1.147678962547929,0,-1.178308374616776,-.1912179403232461
-.6887461050758056,.2123394623915655,1.347571231055837,1,1.524027490134837,-.9246076552166544
-2.504283041455,-.3588736985449441,-1.059105141910558,0,-.2458115610181327,-1.111435645771409
.3592726988361967,.3580301117653913,-.1633690154388899,0,.1309842333817371,.5306326173933903
.4621768178454122,.0976264062546349,-.4841787765308378,1,.0609693010029681,.4275067359201025
-1.186454157157213,.4456880014088118,-.4531483947693964,1,-.7132858911878401,-.9555889787256004
-1.569414853829031,.1665286808945849,1.528940537179486,1,-.909049929180578,-1.087495280233031
-2.263096280851556,.0643421515645302,.3644626527256317,0,.4150908053996176,-1.168142141744679
-.2187767299808573,.0416573032544638,2.235997258749993,0,1.349896023053537,-.5959779997963113
.3670150110354742,.7576920672509271,.5150050017854005,0,.0755993452549552,.3665517034740406
1.224688522195909,-.6348691998824049,2.024695146233015,1,2.395893477674262,1.090946500645204
-.0364687919089379,-2.073908110924853,-.5906318852735724,0,-2.830886432906287,.2225347269877531
.5991366041327201,-.6138654443403189,.0298949487117678,1,-1.033684709739831,.2561805413754927
-.0865593069364242,1.190502491100964,-.9146109441355155,1,.555349518298266,.1243834176708696
.4904401060974362,-1.394007229643395,1.753277203089348,1,.2241445243107706,.3952764193295235
1.029252829929254,-.1512642415832703,.8536088274957373,0,-1.763365954620446,1.108741752874408
-2.715140192960137,-.4188908593618738,.2931853741140898,1,-4.193930553021947,-1.719267004561865
-1.599967103463892,1.816036571351407,-1.367210364037266,1,.4806333344383077,-.8513033316888337
-.5113090515444689,.0670834074729105,.8231228871487549,0,1.51760122246011,-.6582445788455783
-.1689512214540427,-.1959931745327568,.6640130401131553,0,-.0214738065489943,-.2193416783851288
.4624566711440829,.1774066166837926,-2.042341694699735,1,-1.832763730100291,.2752333174247549
1.086470761227971,.0436127969616661,-.1719939345781491,0,2.073352710841436,.6698171076421268
-.5285660952911169,-.0769587072918579,.5072326443765698,0,-.102988377233402,-.4841442285444036
.5549987450325068,-.2115675460444565,.7052002646728727,0,.6317142708626781,.6317606293327716
1.241469453624528,-.2458842972806067,.3471221484706216,1,.156597475041494,.910698503565988
-.2832880499952,-1.014957057793248,-.3194332407813022,0,-.1388787384580139,-.2769542415898409
-1.675514252036006,-.8601523010257727,1.22276845175547,0,.3304988984703841,-1.678792492101751
.1463315696625015,-2.131967303684447,.7984377482721327,1,-2.206079008468462,.1166021589377477
-.8932075806105141,-1.169389302320938,1.200516945559855,1,-.8161085253084701,-.5627854013490645
.0360367348966799,-1.690507312872002,.3430447229897053,0,-2.876986908420382,-.0649722733313229
.4736991445665975,1.0435710086824,-.9044473430034765,0,.3489786485456015,.5353274894819595
-1.638269034072303,.0904926862125958,1.23686157712281,0,-.7973059691745192,-1.071545129034873
-.7284954477193124,.4700897489807959,.011883077542671,0,1.634066020803151,-.6919525560717057
-.6580759703174458,2.185316610746017,.2018545007539988,0,.5349355455583498,-.6857507681680535
1.36835139614286,.2798601128344601,-1.192024739465047,0,-.9071039738978472,.8933831187458201
-.6459675654879118,-.292976048209195,-.4136301706779902,0,.1605252421892627,-.568079117888743
.1128523690399118,1.888174946100951,-1.315594705815222,0,1.594086655020424,.1737588199652969
-.8340313344539341,-.5216847634398462,-.1148833972649843,0,.5564862431770884,-.6291708124438413
-.4406044651811016,-2.075817445054328,.8836672591262187,0,-3.80346271100587,.020177355207045
-.9291054585950577,-.4998021401550076,.5773047635355431,1,-1.078276019329077,-.6905785245952174
-.4386593617076076,.9418417344166951,.1030231476034597,1,-.2592877907040481,-.5334664673262534
-.1094432179071585,.2287545384031484,-.754729103174718,1,1.166037814894279,-.0623169025940645
-.9661559391682545,1.917486633436769,-1.566893167418262,0,3.269851604404562,-.7925870235807545
.2905787435226229,.1920592481704403,.5684335796287833,1,2.776135876458426,.1245105741033714
.3025810194917402,.1022979976668294,1.101677974818942,0,1.278452159782734,.0454860363377765
1.422958243540497,-.9410079346552406,-2.109083881061866,1,-.4768629812709379,.5944386996983304
-.2037988548048515,.3747749778174773,.0387984543896132,0,.1142661999411762,-.1703029547296567
-.9665126561293433,1.001715708413898,.0840589388512345,0,2.044650860717759,-.9444999394962174
.0901402173978179,-.9175403551382882,.4737711703034625,0,.0585472584592802,-.0760016775044012
-.1024362565775385,.1829424296921644,-1.270563215301525,1,.7403941704272037,-.0783388115098005
-1.773208716778849,.8260507521313766,.0627551293192426,1,-2.406271895511059,-1.353756690044696
1.784491476427237,.5359530279769186,2.631443272142477,0,2.178889033611709,1.042065512086348
.1014359311695685,-.4494891956498334,1.525562148667814,0,2.314427408071825,.0938297384459031
1.82689823069565,.3619142568832177,-.000322612367709,0,.2619799443877766,1.264035826071665
-1.067403675389647,1.809027645943718,.5718268691841273,0,.9856186514738352,-.9383033535504726
-.984479420097341,-.7109111534546834,-.2524958762874953,1,.5869366133580349,-.7495616452092615
1.384293089363609,-.1994169570324879,.412554643332892,1,1.765958145886032,1.148445845925014
-.1236191254820438,-1.089962222933825,.8580679130092359,1,-.988312960291844,-.3409386728351815
.7286416571024208,-.4168068962579469,.7445381969062219,1,2.266837480329182,.8592313636898181
.8064807367193102,-.8556455639253064,1.511627791900712,0,-.9606678056550912,.8456179451379958
-.8732076398724465,-1.784426867506429,.7694764184527256,0,-3.465253770523667,-.3766054657879705
-.0458214410584093,-.7599486824761157,-.9733285762429856,0,-3.158791507512078,-.0484716560085601
-.0194338516158778,-.1637151727265048,1.245388471476541,1,.8282363066987521,-.1316495372927886
.2234660134731447,-.4164889459720937,.5779440116598131,1,.4354044918915309,.3192004084535073
-.5211819434455892,.749239583485886,-.7668043027847716,0,.9567703392551548,-.5051201509814555
.1585404124453189,.394480288980845,2.414024481275519,0,.7240279571890377,-.2585785269497445
.9494987546488312,-1.805169391442121,-.4505447435398657,1,-.7760532844161894,.9436674730633143
-.1493019076520447,1.001265522798391,1.216965469188559,1,.8974010138873335,-.2611024266685469
.15175692043155,1.339446345635611,-2.394673473366624,1,.9924311791230858,.1691594112191273
-.8779508375812648,-.8505391106994767,-.9251071816940547,1,-3.236067188043865,-.7975462384533119
.436015406406971,.0951038790650246,-.7411947183782754,1,.8171532209122095,.439850579894891
-.0503145363997545,-.5791631786510375,-.289801305554378,0,-.0493749110125435,-.086422034763536
-.0627318565568321,.9539359566991068,1.039012635396563,1,.9389127126580701,-.1898874521789735
-.6167770003470445,-1.592659283527175,1.466069459052591,0,-1.191937726563769,-.2398539345399229
1.377247437113466,-.3663411394460075,1.863989554220778,1,1.571307324929037,1.106164215622748
-.1850859226322132,-.3147695706202267,-1.46760919223779,1,-1.391063626392842,-.1292669411866116
-.6377475162746504,-.6805219840454626,-2.052847905775486,0,-.7777326055678522,-.5358988092047094
-.1434906795556814,1.245749158560481,-.0884708743359533,1,2.805761085313176,.0496565669767541
-1.1558202960942,.0385043136649673,.5715726704662436,0,-1.501977958188194,-.7705825547404059
.1215899162400249,-.7106701483871769,-.3186928487212416,1,-.3596172075415534,.2386318068654065
.5343960431984687,1.070711174242825,.2434381243290658,1,1.440459762790225,.485288623495951
-.1187225129308364,.0702633636717214,-.9750161893862648,1,-2.138221152098796,-.1006109877272042
-1.033072452165817,-1.101549079901167,.6732138704292989,0,-.3692535629562138,-.9859377404690624
.7342538199365487,1.3918879609559,-.4030579961271979,1,1.314806704390767,1.099525077835173
1.091629854407567,-.8771620382867973,.8799165134569666,1,-.5841890304868956,.9396407552878291
.4640756860898413,-1.566652998997884,1.247258568135873,0,-1.479267735916635,.4776161700935693
1.406445830934469,-.2840659202224968,.2690427021578947,1,3.198450544997089,1.065889964688304
1.548656007109183,-1.28707454014512,-.3440647287403434,1,-.6558722449482255,.8581621511878013
.9246162667037759,-1.191482353473348,-.9950975502046649,0,-1.677278319800041,.7142405499418714
.038775896033014,1.29454976911479,-1.493640059643107,1,.665177480340031,.1560536308388545
1.565862556374746,.4812648878298254,.4242209984859318,1,2.557773000426198,.9955973275747763
-.0824926536260737,-1.019863280861923,.5141595873532986,0,-.9650019843790172,-.3657585104419194
-.7003379951284782,.2351581758662428,.0856780917922572,1,-.2918277864727109,-.5830860702238323
.5927753256444233,.4381015358127291,-1.602200166308596,1,1.7517847065972,.441255384028499
-.9776370933332414,.0289230455114013,-.0666505601861116,1,.3285007285941465,-.6607173990263742
.2526565135071692,-.9205648166560138,-.4605622316234028,1,-.3950904945371039,.3209821682481853
-.1198766845578204,.0006729425391717,-1.356558212529093,1,1.202715334716014,.0068753984273406
-1.523940163453505,.8683406671123549,1.233496760431295,1,.5148702096475384,-.9682468864547471
-1.146754066479228,-.0201548684223475,-2.137139693983869,1,-2.442613333432151,-.9086843134218316
.9183546623319083,-1.588343778545402,-.5260193948955855,0,-4.993518893522563,1.119391825060219
-.1435887079177713,-.4427897856105895,-.67571404170314,1,-.9857409872370873,-.1653570104568227
-.6949062282843422,-1.177260309587111,-.8356637989412427,1,-2.852580787945779,-.7333483530852871
.1535983186972177,-2.590424476660759,-.8117438794869234,0,-3.110160995084847,.4473973039617487
-1.040649305291586,.5984930265711526,1.118754690323028,1,-.5104004507472478,-.9244603265425132
-1.376149824181206,.0585869021848725,-.0785519189643921,1,-.2336129649106096,-.8354814842506173
.9951725536316385,.1406404747161507,1.316223422163535,1,1.71361808372014,.8728356491229197
-.5925273543933051,-2.300820358432439,2.052342727369978,0,-1.1893886637516,-.0014953231933701
-.9783369836839493,.6200067080031934,.7777958651264767,1,1.729325435351682,-.7303104154786683
.7305500446035393,1.417426005990825,1.57833830287234,1,2.718543394376945,1.440549274245675
1.10125582384338,-.5078139373916262,1.106166221892447,1,.7598111708391775,1.073600463732642
1.008850856600979,1.813594847374635,1.405632988740905,0,3.091299538173208,1.631994800897188
-.0616428950792896,-.439191317808578,-1.305667690108546,1,-.4425173559453788,.0603933290507248
-.2435804238265539,.0231121935758528,.4578361036041334,0,.7851517079902917,-.3629082149226531
-.8394563021338771,.5006899121558791,.9340476781607548,0,1.40233623575349,-.8548581448404489
-.6604239641254207,-.2446500230851889,.6102960408809501,1,-1.060680551049253,-.4368358095203413
.1277971260576786,1.218388313929906,.0716205115186378,1,1.64486676017651,.3303548550369482
.1933278779056042,1.239911490952621,-1.006605899633071,0,.3878492171152274,.3401293839124575
-.9735248136640599,.4419864631940723,.0352718064114592,0,.4853097087320803,-.9494281884846182
1.428714815508874,.6996261283544476,-1.643366341489645,1,4.334585146299473,.46405700833501
.2909738496592107,1.579267872930568,.1415608592994208,0,1.791317448765877,.4967025402558574
-.057543223132529,.115720638574911,-.5690289859129266,1,1.011014514377093,-.061375470379911
-1.234137040859368,.5412524136178042,-1.048505863572423,1,-2.12358197922498,-1.103927763969235
-1.310199549750789,.7303032427468625,-1.284255983776133,0,.1280638920905687,-1.247231901922829
.1866267967723577,1.142222474424207,-1.185825629559943,0,1.095856498014149,.1680475300109792
-.1451256665880687,1.000921652797454,-1.038342838968874,0,1.353029746530341,-.0452866948913551
-1.311219836579059,1.16882307471928,1.371315328991384,1,2.816780012664139,-.8652492459189081
.2969162453994377,-.5153914338028828,-2.060908148219655,1,-.7089174798063519,.4100061811601385
-.2450748862237601,.2607561557767235,.1969912517221667,0,-.0855624844419108,-.3222948242207026
.3747316196771007,-1.152283860128435,-.7533745089173597,0,-1.630455389944917,.4554373872314752
1.855407535811772,.133088637168861,1.266214171588921,0,-.2796102111680994,1.224947757774518
1.308849297489434,-.6019233139155452,1.750829698463481,0,-.5359156322392225,1.095655598914002
.0638311493842461,.7928149662162458,.1018385439215806,1,.9154224279620441,.2360329802197554
.5176488557654574,1.357956802929289,-.1773783338555681,1,1.920790296516157,.7171985257034428
1.641617220202902,-.9030821189210602,.1324827223980115,1,.9205388841648159,.8048997243820503
.9999364232196204,1.10246261954285,.4790907274729497,0,1.45802620427039,.8791195499903686
.1146215961781174,.2590023805907929,.0907464054237772,0,.9276318612773162,.1720705084319666
-1.745843369973976,-.7292439668321806,-1.293177105577884,1,-3.579998470402552,-1.187685677908228
1.003596521123512,-2.900205360549534,1.102590638984942,0,-4.28565428381078,.8527031784813595
-1.936664140023046,-1.341823773321659,.4490324236159327,1,-3.80055490502361,-1.224707473794187
-.5872534310866802,.2641389743221045,1.062440715040014,0,.2732315791287183,-.8403120478978301
-.0288710410835353,-.2828746840948457,1.439631076261652,1,.5451539665896783,-.2205104673881793
-1.759547195654213,.5137284958062465,.1022395258629333,1,-.5463587032892072,-1.262313529385192
-.8107552976748076,-.6092158191408097,-.4920838732129179,1,-1.36179540837439,-.6588633462489502
-.527255758723348,1.793894019359282,-.2646119845992039,1,2.358133073833838,-.3888848263081917
.0038778178747621,.9512584892440362,-.8033468383807656,0,-.7635450291220799,.2193683349198439
.4060228778530482,-.4260360187821838,1.807888224067586,1,1.704064423355833,.4179575452786969
-1.014751565960342,-.1683119677501736,.1517315925901159,0,-1.019068893708393,-.9491814944313743
.0717322687085862,-.2503427847694181,-.3116722161271612,0,-1.572974648537476,.2145334184756134
.9515240759696758,.7033849458767649,-.007634409201299,0,.3431695677164525,.6748919203262966
.6191020994682233,-1.495852081409112,-.8888233200741678,1,-1.137984652806344,.8370491575968706
.7421565620920939,-.9342881445212774,-.3297869155585595,0,-1.139887478629989,.4937623500876799
1.512136885396769,-.0138782694125845,-1.280479322764938,0,-.7626050065735426,.930433479464567
-.1755689004645709,-1.41731367272175,-1.614886016506167,1,-1.052122282494539,.1482446915625655
-.083948187090777,-1.812440505079429,.2754806664863579,1,-4.22638907670984,-.1745453133818771
-1.239300353069903,-.0025223474671346,-.6718963002769273,1,.4896543074856734,-.9939246991286259
-1.583854853191176,.8879632529595862,.1918372885179772,0,-.4065492427105573,-1.203688039087392
-1.231397045788993,.9401625810577126,-2.101870997400626,1,-1.106886192035661,-1.293897525815408
.3647818418331299,-.2251163492858579,-1.580491118683718,0,-1.555908580924988,.425105258978943
-.5031360217178446,-.0986561594042208,.0145964916683711,0,-.0262028135867322,-.3894332659987911
.992765900363021,.8804807467936399,.9087956091765099,1,1.946951227284702,.6669296875602266
-.0195523292201302,-1.274123705109751,.1994775704277837,0,-.6573232972151913,-.4756072262094393
-.580852205063019,1.794871130841059,-.2840946599999296,0,2.667714461048853,-.4412349566987079
.7644228528206393,-.5109231666027763,1.598361547693357,1,.6780113807982397,.7803315462651472
.6400548197564183,.6432568255838885,-.4418174285919664,0,.583201966908759,.6397527779784895
-.8085499962617996,-1.002541214925398,.809809899794674,0,.2284333878900981,-.6864315658246669
.89228048372849,-.1849909596830064,-.3560857975162716,1,-2.234414550371669,.5167526062441119
.2564376416145377,-1.165647341201751,.5300904572328613,1,-1.391267900333503,.0342311110237903
-1.460987803632199,-.1185978806875996,.4741957739455128,0,-.5661209877075553,-1.342580082985729
.4772201440911212,-1.333932842884795,-1.956077399908002,1,-1.651851207027923,.5142966180402739
.6122485758920964,-.8583502086320698,.7562255628752935,0,.289630871504291,.5495312320919264
.7803271290306787,-1.237470453206392,.3663917053772421,0,-.5938243057915165,.4944198297054749
-.2425548197025477,.0194648350818896,-1.476893253732082,1,-1.19755485533237,-.1652499258071132
.6472409224379592,.8483667516748512,-.4820622040962312,0,-.8723707127970107,.7377112536926269
1.941320985840497,-.6710711840293768,-.6596466867541741,0,-1.639342564343341,1.044754591115636
-.7872081301794532,-.0952992037810803,-.3802067924955622,1,-2.017371805743184,-.772931590277953
.3438060392274075,1.124521432686273,.1239496653985896,1,.8292368947519847,.452878395604269
-.5928975082494364,.4043774616975598,-1.218023766836325,1,-.5446126592539468,-.4394960760929876
-1.598886576430003,.4733812706638854,.2197004243591409,0,.1371078136479173,-1.130093256320053
2.157594113713769,-.3762828989970736,1.057606767549159,0,-.4630513826041797,1.237630910322671
-1.676179871946134,.9067587121516838,-1.252578191245055,0,.6037260228741304,-1.328161470920614
-.0448760007268633,-.85488679695561,-.870941969382693,0,.1222713622442773,-.0332050549010932
.2683781855544005,-3.071497098752135,-.5182766500705596,0,-3.507747629699138,.3472586707783911
-1.011612700462723,-.8219407922971078,.9461167505516987,1,-.6736861200935201,-.7865804587243619
.5208898393382347,-1.792417098968344,-2.745313633116943,1,-2.963712455532678,.6582678697664734
-2.518283877838869,1.832855028028191,-1.049841984167875,0,.1672851412528749,-.8853273102612201
-.1697372438354781,.5283490909394433,.6342326629098984,1,.3924708181912799,-.2794720334218901
-.6979992651485798,.095895145325933,.2295597104078943,1,-.7893241812912887,-.5502750756183263
-1.746740920230633,.5577642353426493,.3962634946266348,0,.2326002051448832,-1.219818254953559
.3450695009290728,.2222814665870808,-1.665846426276762,0,-.0476389807174369,.2606829609710408
-.2952957188765117,.6896784054293618,1.538010692614058,1,1.732628541182529,-.4647035151470416
-1.418681398209681,-1.142629127728247,.1364356698262413,1,-3.390872413042131,-1.643276434551948
1.872568980895635,-1.077436742254504,-.3062007777347446,0,.32802545625503,.8379917470215248
-.9409846717776189,.2604466435544989,.4288785252723804,0,.5423395679623786,-.840645715003335
-.738621190181007,.5016197844972641,1.054702637938805,0,2.273491813669495,-.8187533166438594
.4482095910858844,.4632680411195302,-.4139625794253318,1,-.6145344195478251,.6476111941299796
-.3975298981355196,-1.834197289622846,-.5852991915076808,1,-1.777057342237171,-.0526102347811568
-.0570319968202267,-.8847587165818529,1.28763297412818,1,-.411205619708608,-.0525161218953829
-.357995611690282,-2.594368166672721,1.759373121848618,1,-.4389048632222599,.050493458454679
-.1264981443566292,.0977455050161737,-.7206030046367663,0,1.538453259933871,-.1689639914142296
.1273693216514387,.1488634562198441,-.1751108259985792,1,-1.305950607364097,.0800361814220485
.7187689382735739,.817557308666765,.6137500114552068,1,3.321367654874656,.654288203879906
-.7155940542076292,-.8226513380858269,-1.382162791997529,1,-1.851684452092268,-.6123111861026733
-.2980480350227107,.4996284209466489,.4787848058304796,1,1.280555891828357,-.4060546273178001
-.9906549752624442,-.6763152331313944,-.1160384145735869,1,-1.038065402650677,-.7972516407838088
.0227284567280705,-1.796451236642479,.0430928331713742,1,-2.427568846695197,-.0444846216161903
-.1534354782292058,-.0778691022897272,2.139167714320143,0,2.79455266839636,-.4863448747057869
-1.067827825798964,.2288830437968842,.3589646042322734,0,-.0140282490928209,-.9658954052981923
-.3894359866772328,-.862861412890792,.1200279183913256,0,-.6062870246945467,-.4229479816541131
-1.342626661361534,.0893371287498316,-1.979752897995587,0,-.7032003702893437,-.9324011907358722
1.312541091385047,.6244327912836661,-2.742391668527546,0,-.2412960878348135,.4389910349518562
.2654745845306237,.337917113969202,-2.560832815662375,1,-1.134644895022345,.2230757254442321
2.113800716513887,-.2261568137201699,-.0463883981217223,0,1.317324978944447,1.048728891984795
.4798996444821227,.016163669757451,1.385399255284488,1,.0501489458874771,.1645805356740964
-.5437114436915951,-2.032621530547539,.9193960140402028,0,-1.807951878267186,.0036826501596483
-1.1021960926756,-1.294270690293111,-.315299563988693,1,-.813060653521406,-.9978519803462511
-.7584176147359104,.2042725412469728,1.014503388774752,1,.6372707806164204,-.9169491958376632
-.3239335977165832,.6672323618304459,-2.058470770049422,0,-.1222515106165517,-.3905756760446836
.7361139491550466,.578952083479211,1.132247477207607,1,2.57968660933351,.6166190598023773
-.3231044560600322,.1414414203319368,-2.270232412046763,1,-.907112172731752,-.2503291946074082
-1.286936750381311,-.1729129377465923,-.8437243386293218,0,-.962584386192146,-1.100573028060087
1.709911502597439,.3947851298397074,-.0095955609510388,0,-1.011587843524584,1.21870901266145
.1524968635712043,-1.874512687460264,-.9962650918872511,0,-2.097158301636862,.4274022393569652
-1.558277736179847,-.8025163225265636,-.3414733803477558,1,-2.583632247839614,-1.478114102533675
-.7878879413019217,-1.169873575767395,1.88335485022852,1,-1.150088416736871,-.3802774014472379
.5121770805778327,-.4612827756830352,.030322237652976,0,-.4546894089357919,.3708192023177445
1.95289772333463,-.320177428752934,.6045266403618003,1,2.627600497284349,1.283568711087948
-1.053803321551868,-.1127471013265375,-2.276601339118357,1,-4.351719603022525,-.9034627756581823
.2863613944116062,-.8592315869678533,.0097650835522912,1,-.2374762180270144,.1654122986457608
.586794087074427,-.4829608257212218,.0669161006311462,0,.4578246707035169,.4433135754712401
-1.267077249082145,1.373527605591466,.8346926183325782,0,.5197244452416336,-.9543139736734255
.3871989757403813,1.045982525749856,.7439256150568272,0,2.04737370380091,.238780671125145
1.896117212279085,-.0055789754129992,.5650818840768079,1,1.854375243442971,1.472251385407199
.1122868784444936,1.152510656701108,-1.282887301595269,0,.6815717532358559,.0727447621193957
.4300094614744997,1.096894957272067,-.4590983241015281,1,.5795216758800442,.5713342444863603
-.2413407868695477,-.085404924597726,-.3338906327174346,0,.3953812785081168,-.2864563834318259
-.1738978123148076,-1.178220528853189,.5480279989344099,1,-2.02422054439706,-.5754734858458472
1.270847315777766,.0272310053068905,-3.023564753377915,1,-1.673428886264153,.6554077578526856
-1.245945352474082,-.0878704511865963,-.8932052849911313,1,-2.799792075853536,-1.060060265524441
1.330332742003073,.7869612199629085,-.6616286665578056,0,2.006572824600043,.6870859660253419
-2.162329771135309,-.191548529723468,-1.806338056391618,0,-.4173149823303854,-1.131227134906916
.0020133384350183,.9118297787483699,1.195408981419532,0,1.986093134006309,-.1295251098589083
-.530249624804318,1.067405754924901,-.2928899474322167,0,2.336485598920018,-.5023092087774785
.3663678345897419,1.386831675817908,.2384193443299667,1,1.567341254342776,.5056191889990895
.408154797461547,1.472334092915809,-.8104150579614762,0,1.932788069267968,.6254956658618913
-.5519669592011902,-.8354678996021501,.0766881635301516,0,.1832725225702456,-.5382689886399254
-.3364708506651179,-.2430394685975798,-.3900367197484193,0,1.964524338226087,-.4692962861978761
-1.017122000584158,-.8908823295245486,-1.151274118794273,0,-1.233466772286879,-.8129867913927593
-.2656599340896821,-.9781773724614908,.0024993638657494,1,-.6549156830157156,-.2737146460802833
-.5841068207809109,-.4876558544468777,.9929278237236749,0,.1561840027190675,-.2976173251338655
-.1550269886605904,.099241018777425,2.43375668658192,0,1.487842493148932,-.5418819862533935
1.598719136596793,-.685794226323642,.7057623314295509,1,.4363859677336174,1.059961684860026
1.441033252831967,-1.5894336823072,.7993544624923467,1,.1308305707386792,1.004708707232896
.5236648314307267,-1.952983860257134,1.546414345572442,0,-2.057532335425498,.4319590134882305
1.062624531819247,1.81797618446282,.6033791383441824,0,1.457150678425458,1.550826899030511
.646631753114176,.6405801063870376,1.742882723004751,0,.9970779043128184,.6117173841834358
.6885227582588813,.6928383727043277,-1.35545029436317,0,.203475418087175,.4181378703374681
-.018436154887702,-.9332647874201649,.368155517649379,1,-3.886068068284064,-.3312724675831289
-.5628205047838937,.1170102037592699,-.8224644024663549,0,-1.481904097209611,-.3311734027100666
-.5878385349127694,.2028741702355485,.1011239069635094,1,2.066186889215387,-.4616978934408368
.1937994208933647,-.0381810731182574,.4362036237207032,0,.1544546983649305,.1580582503362296
.2797270980752115,-.7055987968487323,-.2162577115263141,0,-1.515562709018456,.3034117718540346
-.4146850556541501,.4460636529230772,.1299045744731522,0,.3113379268778377,-.4640305954772268
-1.801619936877785,.6411137182206841,-.0809947202562254,0,1.021415279999394,-1.257555331642149
.8258054789153034,.659535754186643,.7224484463914278,1,3.064922347199065,.7009558513318304
.0384769739517925,2.429893693781297,1.151370208747476,1,2.838582730163552,.278873162901446
-.1450101916247991,.1600321178367178,-1.079902744668413,0,.7905106011228318,-.1391002091383386
1.161274370600821,1.965236552250889,-3.20515128816255,0,3.022895193904226,.9694454789123208
1.552389499897548,.1070581691874877,-.8976203060795837,1,.7150135041087236,.9536409416942554
-.326121315133348,1.463267061164453,-.3224311564912501,1,1.653134648960066,-.2097949078493602
-2.977076388282273,.461942568928876,-.3805551522185742,1,-1.307467988307369,-1.050069786970953
.1625852003459131,1.399178571714909,.4546593081073653,0,1.201109689333146,.3211957175742302
-.537038843613061,.425716264221887,.9541646347858251,1,-.039031789795088,-.7530957602655696
1.80495210947759,-1.031990280399538,-.8228579497265429,0,-1.690603716739136,.9394199072054799
.1372318491980737,-.3749391338201311,.0042810351812675,1,-.3604007760795319,.1292615089094682
.2226387226326912,1.513998224302867,-.7384640529723423,1,1.226027853868112,.4199909328853986
.2173348680189547,-.7556889005489648,.6721344595410841,0,-.0543764240820396,.2314082736169463
.5101888579216421,1.023601169880495,-1.171828222578418,0,-.5319320812186631,.3501111304656077
1.63204903273348,.0195316474936453,.614556131090967,0,.2697692922963927,1.466687049739045
-.172141217820243,-1.875712088779175,.3289717769647953,1,-1.39803051423942,-.1297824317715701
.5071825242057798,-.7839938537200304,-.9343527723740011,0,.2062294665712976,.3466430567362448
-.1698739819341024,1.534734649074607,.5298514005599906,0,1.452044464220269,-.0406630870533147
1.558756756220016,.854210011263361,-.1599879314316927,1,2.969270241097711,.8638348020162567
-.9511364446403712,.8117716382320675,-.0678009853078377,0,.1808952783071741,-.8870791097357102
-.4324492709897598,.3268023354938345,1.159082523281707,0,.558170777308818,-.8449393851197247
.2758955444446702,.0198033264966306,.6726395307611038,0,.0311914840931414,.2501437515113309
.0177296911497847,-.9920020265180624,.0878774993233701,1,-.7632421278954449,-.1200922321635258
-.5330308104090419,-1.278802362474823,-.0306669524561847,0,-2.137588367840094,-.6800754931264459
-.5951185861223047,-.0074531382065191,-.9749162337689075,1,-.3973692216342324,-.3079212018234723
-.2635667282838988,-.3802553149360544,1.437399125542935,0,-.4300763154001165,-.2411872205084323
-1.507361232704292,-.4158491074701329,-1.286142662401458,0,-2.428516005413878,-.9656285615955977
-.4379276617232412,-.0382784902174472,.6359530045453551,1,-1.273997888102766,-.4787614416442892
-.8132357801208968,2.55872094160853,.1958985939279648,1,-.5115120808378186,-.7741408526679585
.8339968943607922,.7644428731376592,-.8588046645912535,1,1.262992278921655,.6536759727620713
.5014604921680271,-1.68042438749099,-.5969285690260405,1,-.8249390730687566,.5940344355870746
-.415342085555213,-.1317076761159105,-1.353636573892967,1,-2.774374948153888,-.3093013378235137
.3866084532902624,-1.425388054293412,.5566042627487473,1,-1.083953379643614,.1840986626947592
1.66201968481591,-1.516057647879636,-.3303155786446337,1,.092542614191868,1.058850260852049
.217028386078357,.6835900206199143,3.161514839397674,1,3.540591198919775,.1072043123726196
-1.536233026805385,-1.135458626416775,.1849800466272638,0,.1461131698139309,-1.71221584574006
1.357043990079074,-1.082622013833915,-.8256234676642579,1,-.2162276604304739,.7957331299915842
1.467666928988404,-1.503076432326084,1.464811084990524,1,1.319102034334396,.9643955733718239
-.8741513222348266,-.6509663385408563,-.0958789834126546,0,-1.573426048237351,-.7785656509250929
1.728526128018538,.7593335952430063,2.009908809290647,0,.3337708977144713,1.054739561656772
-1.142980540643468,.2215896229234568,-.7953803765572518,1,-1.36954140138621,-.9237154535571959
-1.392405518206478,-1.008461026138682,.3854014987764725,1,-2.851656119082927,-1.752965791276659
-1.200606070074609,.0465116908888028,-.8707973701715219,1,.3651587966396723,-.841289476882694
.8149264565728271,1.041243113958235,-.3388714886665507,0,-.3352230341791421,.7417561928698873
1.776186415253556,-.1481768016533257,-.0008703293070999,0,-.2704285825733967,1.114667263223847
-.0299071753402391,-.2607067914034805,-.314680710425358,0,-1.650100543719932,.0290899543605837
-.2294762007976983,-.8205153218144996,.2272897723302849,1,.2628988153081979,-.3166490746776469
.3142388079336214,-1.797930826359242,.4011026504431135,1,-1.546592683602148,.189124600760493
.5322894426924377,.4064940247347434,1.06606699722231,1,1.097257949092326,.111538283596214
-1.32080005762307,.4385963144258662,.812757411862106,1,-.0968904055660567,-.9771098158396108
-.1841167149254281,-.0298426899580318,.2565567351143036,0,-.2637114099602617,-.1662852995195044
.4996470765813729,-.3384412091429258,-1.194065482145097,0,-1.385834305644536,.4843509020901358
-1.047172850229723,-1.06866820122084,-1.072595235277517,0,-2.311775659624587,-.8063543867030494
.8775401736367734,1.637961623474463,.7537743316144757,1,2.668576574720164,1.549090559629231
1.228195592976757,-.9216462168997972,2.120629193017854,1,.7931689757134754,1.023524609216393
-.1302953983280742,2.245596609931947,.2063524156667499,1,3.581769024191797,.0496442733282025
.3766246011085769,.0527247625945372,-.8457730403891977,1,-1.133523936774844,.3983803120104534
-1.062359461419159,.866323833552512,.6304467857624291,1,-.8354827202850286,-.8882344093053196
.1824279070995746,-1.675294484216324,-2.057250871910429,1,-2.43451164978375,.4431524106256295
.3004523812170014,-.1399120888198197,.7166394155692066,0,.5518730780540856,.4009011787075056
-.0949746970529676,.7859396476336793,-.9050258124628031,0,.405598545428775,.0373843027204425
-.0276922424530508,-1.646767956918895,.1888795959353413,1,-2.830770166714107,-.1814259469410056
-1.878999006436017,.9451354538739219,.6490963179528747,1,.5080701810189556,-1.17152436334955
-.8114951503160213,.5406619428073262,-.8938561840991964,1,-.744546230115998,-.7897525024108366
1.538576572587368,2.227176458442227,-.1088009497299349,0,2.441351250848152,1.540722337081012
.6224861525367618,-.2293136255023945,-.7221623863348409,0,-.5494376448542513,.5880893555871807
-.0398220211450101,1.211312606592047,1.779552417613924,0,2.146810643482493,.1000217201078377
1.166228682769615,-.7930315557757577,1.26838240675512,1,1.36154167706796,1.062615326875198
.0798147090679842,.3490087099468326,.5218699342494186,1,.6381906369076152,.0193593253312725
1.148696995152181,.631014030765331,.0746810415761707,1,2.175156958561495,.7845519044378375
-2.065029686417248,-.685465300105967,-.5199033801315096,0,.1802364895331188,-1.521990941739052
.2729039913996362,1.826970150246782,-1.155096071651087,1,1.707790211999233,.3257266930432188
-1.643084753728755,-.1742498021297832,.8957950891895832,0,.095643795220834,-1.460720051585928
-.3241130398578552,-1.416387806631619,-.5009977025331221,1,-3.610807890477457,-.3977320229749388
-.6651409160565075,-1.136117856893595,.8753198453447711,1,-.8613320462906654,-.511793489802328
-1.190970473576237,-.1131691627058403,.0277749603950129,0,.2520044586266668,-1.169005481120979
-.5000933606093507,-2.25111583241446,-.1214888274003144,0,-.8893403436698317,-.197372384064006
1.349153884576531,.0583666036210717,.5145186330993703,0,-.1009331429714117,1.276998494987681
-.813332257066774,-1.313355914077091,.8607125347209298,1,-.8876850845220432,-.504150092864073
-.2513274100801008,-.9396569936127545,-.0689233750112703,1,.7422278355847116,-.1788609665297825
-.0420194891691902,1.608198265788034,-.1149185864012241,1,2.743849273777236,.1773874851068382
1.394625094237396,.3138239903391495,.2583368533111948,1,2.695186895643242,1.292067232277935
.359513604828076,.5326813678439722,-1.804597496339942,1,.6945581977448207,.2909877983877241
-.367947023533206,.6181977379661187,1.234263511201658,0,1.742102518689226,-.5568391463612892
1.383310319026735,-.2250906734168668,1.015487404296194,0,.138471342989642,1.262827867596115
1.488402247687847,-1.313742596376559,-.7492121122944343,1,1.280748635156426,1.024860555888705
1.309984982024914,.14258182718856,-1.36574277921648,1,.1259339536123912,.7633253765441756
1.261042479960163,.6266256021824831,.2529460128539339,1,1.993323297784758,.7688702996397159
.3498176348274206,-.0470135400166397,1.978323284200142,0,1.046603703087799,.1149259319094098
.2108613385064685,-.1267214278696038,.3816663820907462,0,3.185950391429199,.1312699365184883
-.5335890803109068,-.0623260591107383,.4205111453574904,0,.928800462653983,-.4717321648585425
.5533568337936851,-1.289604269515621,1.431779762531713,1,1.493722896287873,.5434375100892231
-.4209301789308464,.9411225383661068,1.898604620320396,1,3.098138935421708,-.4875111582131177
.0724875776450067,-1.039750716438013,.0203143420482196,1,-.3190003602599774,-.0070020546767351
.1238176226869484,-1.551495958919941,.4540695032947119,0,-1.204901293782882,-.097433193233543
-.9633574031641843,-1.440682734573445,-1.083080678306392,0,-.932552283331765,-.6209799103028244
-.3782617194221672,1.830029229364025,-1.367108165281691,1,1.551398277080224,-.1353049710934
-1.953493598254987,-.937339781475038,.5370625392351043,1,-2.98364199330876,-1.875853624887581
-1.104412486958193,.7792585694538072,-.1444602725448949,0,.9388499725579111,-.9581046392546397
-.2170607446459095,.6535430918742779,-.7980244697730996,0,.3887762001773247,-.055257936797862
-.4532991006105874,-1.438163771195809,-1.917626405695792,1,-3.944572668749569,-.1870574309898476
-.0871921313636424,-.2024102880645418,.2016201780391152,1,.2905643808484721,-.1053069298296408
-1.151644158465734,-.7184136748174806,-2.09224118109013,1,-2.019983748202992,-.8642601306749338
-.4604211882421544,.1595811822981818,-.8683653076309886,1,-1.372977162668372,-.3531948891059031
-.9809117774169703,-.375347056731161,-.0609957183673978,0,-2.031229224968109,-.7467935268093187
.7177324218166314,-.6011079135239387,-.5332367261318907,1,-.5313869225304539,.6033970806678169
-.6475293819590431,1.820914366294344,.9072760900355937,0,3.154145705664915,-.706012318898545
-.9153783982446484,.2090455148118536,-.4362902059458865,0,-.2798413525701087,-.6851922219721408
.7619432302903554,2.31542172676443,-.2274678678047498,0,1.965591122251997,1.208403236804184
-.2059305858346127,.1656736377125491,.2569486190512351,0,.8450470790390139,-.3627555573447963
1.469124782111118,2.806383247581936,.3911462685624699,1,5.161730833338236,1.654636130780163
1.847317371993655,-1.561675196256917,-.4811307004021311,0,-1.003449877764176,1.141972430731969
-.0963082759642928,-1.629531611827599,.4995905735513539,1,-3.364103143616147,-.2649331542066093
.2326649922732099,.294281085202043,-.0459188304102151,1,.0212094575798294,.3540227406174
-1.898215780007864,-.4008115850275805,-.2382678545033259,1,-1.583987517724693,-1.40537969052121
-1.866353164687493,.1275831210373802,-.5594492216571879,0,.3512735472673281,-1.010432157309718
-.9345966497623083,-1.371428047604149,-1.149453896203519,0,-2.839697302052517,-.638285970009667
-1.042446677817332,.7633187214284382,-.5007397094294838,1,-.8009233532129079,-.9635219649938358
-.4875871431832745,1.231404563937613,1.001599301166586,0,.3230846072702935,-.5426184013276862
1.10918502579846,-.8733001004195597,.1452722758498332,0,.295437635777959,.6777468915824505
1.764256747995156,-.2187972901879963,1.443499140759416,0,1.788643416109891,1.261717655674054
.5490447348759071,.8310592393845294,1.254892143002026,1,1.47790360686933,.2650390415360553
1.868125761078539,.2416933226145387,.3215433909886927,1,2.134670080634621,1.322879007992553
.3487928420598736,.3885267340792787,-.6129523758671019,0,-1.440546003171309,.5834125329646439
1.267161070095535,-1.691705293949098,-.4424224686859816,1,.0139279994508877,1.041580362675964
1.350587285559758,.0826737883210061,-.4749137521015829,0,.2203958343433729,.9309171702802181
-.1612939792547932,-.5375598894184117,.1999971538654458,0,.801657761277878,-.1786229811187681
-.435490543873195,-.7566301150856677,1.611887434342881,1,.3440056809900783,-.2269066367910553
.3151754369527239,1.703158166520675,.9917334911261827,0,2.857186873214748,.5539254796830293
-.0452179820538025,1.540828369387157,.4038425061123074,0,-.229687597603176,.1771004418829794
-1.346438612420138,.0855432328096223,-1.463448189101746,1,-.4433341356633869,-.8818540655566331
-1.094921013549622,1.059660003473237,1.479916213240445,1,-.7763054504835726,-.8099430861298125
-.5276241529440138,2.832496440062139,.1373567312316067,1,.9213987893761233,-.4426596617496998
-.2293878013562237,-1.425883368817037,-.2265521395554879,1,-2.906402578376857,-.3987824846103862
1.685801864820785,1.093502447960677,.5765197220946529,0,.8724654068635491,1.115727824741751
1.728175709134301,.8579548907963898,.2247422967589262,0,1.218230030104923,.7947039766907453
2.127852883454217,.0763735641309631,.7678537075430776,1,4.429142295648622,1.404115825716111
2.478491363193197,1.008940728025452,-.3373827083025716,0,1.52758578001881,.8746939569375916
-1.287504368537856,.5757283831915065,.2380047350181877,1,-.0363803038187366,-1.027185976218171
.4391500718611301,-1.007883908463084,.4159775933430064,0,-.0618198273690153,.2797022185615827
.0376285451626235,.0328343300144853,1.089978367686758,0,.6467379692281642,-.2505875326356717
-.6738994985409323,1.042684952018575,-.4049598648936536,1,.6098561434592353,-.6097371726631314
.4129525823049375,.7460075163113705,1.06610723248234,0,1.130418523475788,.1662188704608405
-2.656546622366757,-1.738069169134488,-.8700930254481732,0,-2.77984800823852,-.6959765777562437
-1.006278618377294,.3987790571679423,.6470922577846537,0,-.5697031332620283,-.9183074149573849
.6456257381534495,-.9315817899804955,-.4187643490580588,1,-.0702500549224403,.4600363560318664
1.059242432586037,.8071285469454034,-2.164655412432102,1,.1606201879905818,.2729959769960302
-.2498129485194124,-1.952328969862827,.9642733782417798,0,-.8768203922935449,-.0400840070917057
.5385689341859098,-1.926004389874226,-.1769929591950828,0,-2.107091108141679,.4547307140363626
1.153545462563488,-.3962843867636853,.0264789046951271,0,.0462771985110141,.6976056732781304
.6200640851678012,1.384332507368139,-.4543156562102496,0,.9433614110126116,.8917136110940738
-.1349652333385962,-.4727026136374433,.2305036779522818,0,-.5603294906134074,-.1209517278285319
1.817228806690131,1.312910213759701,.2488808848505006,1,2.96499779294559,1.475283690529142
-1.052522449408245,-.5697891186134441,3.175866376330985,0,1.439655606229791,-.7481500871271913
-1.028451871682177,-.9452043567959962,-.460922213405862,0,-.5300735729527166,-.8612966693025426
.3261368744008313,.9958280509906412,.9798000895402212,0,1.506635956689677,.0697793894130254
1.054668624450735,.7769694512228266,-.4784249801369316,1,2.765474318157065,.7898002938102457
.2367203207617014,-.4092129387022109,-.39692170321655,0,.7349258502642088,.3804019804083196
-.0353740399257832,-.8227196540293676,.7461655995254644,1,-.3504266357788837,-.1084634320501999
2.774371407535223,.1339441955149639,-1.230175282340318,1,1.840251808377019,.9429438468238183
.6047924995262866,-.7588186557277691,.1606132124845591,0,-.0651185656321862,.2598499509300791
-.2709927865895021,-1.71423007034406,.8279791898844423,1,-.418572416664831,-.048199873458874
.4560911073805967,-.6855194001513256,-.5408800283024685,1,-.6173385783033075,.4441889320920198
-.8189740726072228,-.2532658230175183,-.0208885304953066,0,1.372937903003059,-.7179172646359493
.2499185323331952,-.6791272996425297,-1.691713659567777,1,-.1471070182781253,.2953486371286163
-2.080274180435728,.9952968233905628,.131997189831448,1,-1.013669892111944,-1.318841315695284
-.1800214252480291,.0805334754507086,-1.18798496632501,1,-.6019584373640694,-.1461269483125169
-.8042457388829104,1.133105146346725,-.30202174823286,0,2.232869063030346,-.7448507342004026
-.9659737194595687,-1.389059200819747,-.1416140650820698,1,-2.766700586352512,-.885716511311843
2.254435087599517,2.217861756211821,1.690199682390944,1,4.284560284414654,1.775332618861789
.4747027347301979,1.483477543036775,1.393325740476125,1,2.877485656935424,.8111501442465263
-1.550151991158574,1.552286344743436,-1.205548904293809,0,-.4044984586782663,-.8779174483672535
.9168727627697837,-2.247014823428754,-.3832912926608042,1,-1.498854466245689,.8637064939966317
2.079001467265416,.3406695141146175,1.911808075505819,0,1.965951569717429,1.097819422936817
.9403902744384521,-2.094797030678071,1.121734426756829,0,-.4212756037633996,.8039122818274871
-.8354475735670762,.5507078911575395,.1454018751055042,0,1.302718835743463,-.8767466983656476
-.7765282145198268,-.2043760621507176,.0911458121639704,1,-2.308129687835836,-.6694369254088733
.1074598863937711,.8884768854895326,-1.845726258989595,0,1.646226697258512,-.1336311995503067
.988037288602752,.114819722277791,.3207221536837772,1,1.412833634398504,.9828835089651866
.4395499525644814,.56454167518578,-.1949493736676098,0,-.6080375147714661,.55218042515558
.241486849795603,.2230169007995882,.1277273011853688,0,1.638581205999363,.2860686623201871
.0645261266263303,.6136540203057907,.0909124196702034,1,1.028795790005928,.1950236212634493
-1.485420722827511,.2684121925102657,-.0095115709762672,0,-.2640217868624811,-.9106430721541774
1.048419719042284,.6492718834912887,.2140785974054001,1,2.23443585713752,.730224680002451
.7474635193260888,2.216571775348073,.4087672103718427,1,2.375861603777377,1.313970814093154
.1351239730991819,-1.058523678659524,-1.46276824256252,1,.0419291599040181,.2297445140089827
.6833846371821647,1.205387019223556,-2.747182286314685,0,1.549448114753191,.3686951266247747
-2.158462137941199,-1.579857696856573,-.115098485896565,1,-3.294022046785585,-.9938288552302428
.1901788267422959,-1.057795531433669,1.123984699041866,0,-2.949549826430303,.3224751593188874
1.379567360969475,-.7456901519181094,-.4479178612081612,0,-1.017511790003254,.7680891297596406
1.006757754493504,1.30725420336566,-.3385135184249878,1,3.363486331563331,1.31587435096564
-.6573161738274894,.1726106929376747,-.2557086189439083,1,-.221137549314015,-.4742532326713249
.4114975015867622,.6626335053799337,.8766134425897036,0,-.1691783804395064,.1107640441818418
-.4933862316746417,-.2258729587652312,.0075037901251312,0,.5402540172096074,-.4511781921164427
-.0609421353858732,-.569671763665287,1.223830807251563,0,-.2527440459058281,.0113632276394069
-.868547292932472,.2130795669032511,.2067356656860954,0,1.628334443482597,-.8619459079168406
1.103898369365398,.3706402854694718,1.579540759137651,0,1.318741013223449,.8263073146634996
-1.30094509073449,2.149890595471834,-.0733947953869968,0,2.020620781953709,-.7772174849931055
.3299537285348783,-.3671185372096785,-.7841944275966175,1,-1.229039850244601,.5014007984655917
-.2386410935105397,.3281041651143701,.163577566182234,1,-.6345336952405585,-.2868149503405574
1.422211105036214,-.5539202194120446,.3958560899434821,0,-.8115135280180081,.9691578033446183
-.2402734210157218,.1948046609342142,-.2087389245058091,1,1.098228775337017,-.3099305880446777
.3859426668571099,-.1436535869410361,1.446833671383974,0,-.9242097317459964,.2891199377616731
.2464675846171269,1.428086994494407,.8382310511985011,0,1.254670003320666,.351844738303507
.7251427958473192,-1.323748520408853,-.1360727272543287,0,-1.35817212389598,.606708759755942
-.9737197457785122,.1212754870032278,1.715172266582551,1,2.701700212796099,-.8179318183353614
1.857012313418235,-1.136436122686653,-.0113701599662884,0,-.8780449072060499,.7904696943810119
-1.770794312429677,.5929285401988118,.5559213910646152,1,-3.119022265799651,-1.215951261265981
1.169182138602349,.6001074916176248,-.8384518338711554,1,.6091918393787572,.6424391035139481
1.787325016348174,.0603209728636322,.763430751851948,1,2.276110298911227,1.434847333958131
-.6649289881076551,-.4528359297824578,-.2759194306637891,1,.5187696420992474,-.3977537737038745
-.9425068782816999,.8688210100720102,.1213938907139314,0,2.766680012559745,-.9433427867381473
-.4738794708344932,-.5927292495592683,-.0729237965353755,0,-1.421901598263478,-.4104275484050646
-.1541951940454281,.542292566159525,-.5419430083134372,1,-.077053709974902,-.1253040469127029
.7851717962555836,.331731798330906,-.540226086762055,0,-.9473765463892452,.667488783860461
-.9775500914817616,-.3187410570322666,.9309542762736811,0,-.8354110705844402,-.6703161736284829
.4400322356049847,.1242821529897282,1.446448327958283,0,1.289094041968992,.0056099818699995
.933405861291789,.020182548443974,1.370845307550316,1,1.648372916667661,.854060937680913
.4374034956336793,-2.086487467456323,-.019228818016935,1,-1.286827946638059,.3516392736489475
1.450010558129873,-.4458625668891588,1.152612562112438,0,.4766640009762321,1.207596821227178
-.2667798379188279,.0021812840398468,-.9500484038270564,0,-2.960576970499219,-.1151590716930142
-.7865524532090991,.1871896203602452,-1.400032932110343,1,.0918367489140879,-.5230184502036639
1.145143564707244,-2.424687876813334,.0231505643096537,0,-1.409567655346495,.871790177758037
-.6522136449903458,-.3736011627262324,-.502753056159277,0,-.7858651839035324,-.4393842254834806
-.4164130037641614,-.8460363779145483,.3906635709199704,1,-1.041272244977586,-.4727827120806989
-.39428101091645,.4835591906562172,-1.22859835328777,1,.1322518902613593,-.3497492844540181
.0503161607226158,-.0845403409072124,-.7882303516424753,0,.0177844150709565,.1919995577108804
1.697516536697082,-.0615578054208417,-.9533421283012222,0,-1.060631812036213,.9889675588189855
1.191029924385259,1.228191148747445,.6985111045786668,1,3.845026924793812,1.337195585919371
-.667247019191075,.3480498784422982,.4217081819845202,1,-1.233849096233395,-.6339138344756701
2.242050763312093,-1.537102075059736,1.42787951057889,0,-2.448540770467972,1.024877989770969
-1.787319531662063,-1.011672587354842,-.1998304863750048,1,-5.134605134993985,-1.605713704503287
1.012748989104684,1.374666537807723,-.442201892891755,0,3.091232188465849,1.357982354999048
-.3741672477836141,-.5214687728219175,1.283466062865462,0,-.8900208566812862,-.1785554910959085
1.754688191941046,1.586618729558176,1.132641067969815,1,2.668358133472459,1.737964484790161
1.375097799694742,-1.346079172128558,.2430857780616092,1,1.813023638200668,.8741408022522426
1.314060326934413,.113354826860501,-2.395458263220152,1,-.5640611378169895,.678753744156457
.2375107333282069,-1.572619183130751,.991506962531937,0,-1.294190122947741,.1735019080207572
.80600030175673,-.1793439675397433,.2208525421277798,1,.576085883882747,.6946753514163113
.2017644861157677,.4236295557661958,.0134115862158043,1,3.516938184394584,.497212256395716
-.8480097419268096,-.8631493362892761,.1818458599943779,1,-1.854797097893247,-.9028550917659712
-.5567077859599024,-.1887050529241835,1.369477387496287,0,1.232997991102606,-.5143329403317385
-1.094113466055323,-.3348925533124648,-1.646315805165293,1,-1.052723010208513,-.7629586489436724
2.295285858995979,1.512652575113218,1.776822703174231,1,6.406829321272182,1.804503598418702
-1.072096052410003,-.4362436237739114,-1.348695391971717,0,-2.818640048524048,-.7002487172286904
-2.399765901460807,-.3663829805892084,-.2828830352679182,0,-1.988900665590748,-1.376111644672088
-.7981612160028659,.6388335260932887,-1.991025058563446,1,-.348101954164066,-.8406973940588445
.506148119003568,-.6115693581147125,-1.285396720508758,0,-.5766477455742891,.3618659061134455
-1.238365675269539,.8186020559279441,.3752339559862316,0,.4900008586748852,-1.027485656407425
.1448871892354383,1.773976359714775,-.614478019672031,1,.6156431716236773,.2543528714378898
.5411955728157262,-.8829270556690446,.8461112839290669,1,.673656599913405,.5320133611827795
.1934089307525341,1.471287130976276,2.061819518971233,0,.335849683830415,.4683762010473904
.2984656573002583,1.668856516840145,.0299528242502424,0,.370377972351428,.4768391449991669
-.6648183214921288,.2122004433243672,1.251797378932948,0,1.803105911569078,-.9018793255085971
-1.08502443119739,-.734727402120074,-.4535861640507034,0,.014048555915795,-.9026269266863545
-.3342848289233828,-.0360590437878823,-.1280062164805805,1,-.5168769888211883,-.2827203636625598
1.146298475654638,.2224610422553648,.9235917719149073,1,3.626018255776517,.9986513121753089
-1.157059534127397,-1.394152585080596,-.7050230532498876,0,-1.468914255170261,-.8129395001538198
.5421934146625819,-.3090954886718311,.1355202590399647,1,1.302565771708769,.438181248854563
.2264736010242739,-1.349607779949535,-1.735396552428867,1,-1.717096689301564,.4276639582559754
1.51479537725495,-.2080566429882167,.6878913480905388,0,-.1795479149992411,1.353722486102195
2.424787053855122,1.179687690001959,-2.398972319168401,1,-.8129704914571581,.4031829864710363
-.8439420849833554,.8116034899871403,-1.568396965653658,0,-.3441747520966986,-1.011860529831381
.4030211577705458,-.0844594021347834,-.6686119414673589,0,.0577088656748126,.4946100413883653
.7925517913352638,-2.014821822224284,.1561883173034885,0,-2.603667765238657,.7064671271238381
.2997594353312047,.7145653432037078,1.121256735110236,0,1.201955168491496,.0898020497885668
-1.137772233152822,.3876535149143827,-1.547594411359728,1,-1.34975034986907,-.9546190951374305
-.4090719366059449,-1.488479866187546,-.8140981438286805,1,-.050655168617828,-.0849838374575818
.9659876113148985,.419459942108655,.9141299887825154,0,3.100235174933286,.7019793987904674
1.386658552980886,-.2353093845223333,.4402446134083613,1,.5408144585328697,1.136845335307159
1.857469882447527,.4480344217076309,-.8119731786333042,1,.5575472478827876,.8656009619855787
1.2696353636174,.7206261217574301,3.444468224571314,1,3.237838432615568,.9741521602484768
-.5875988756988564,1.851218613066241,-2.385993544854549,1,-.2847043139259127,-.5217238646952327
1.567850352678616,.5408049209666506,1.194919243634702,0,.1622108394658418,.9655005239219627
-.9106445361013322,-.4915104347573384,-.6725586835596393,0,-1.162432083285553,-.7396323572654362
-.3575731975160869,-1.247164376734408,-.8258978725839545,1,-2.321962026263917,-.3463336010646723
1.133242912444149,-.6255416610646813,1.250940223804821,0,-1.25312313731915,1.115760928983578
.0678627467363511,.0341921885823544,1.609298232935199,1,1.255700655283072,-.3166464501752346
-.866595211294296,.4134540441385977,2.109387981432445,0,.6095473724291238,-.8901895977063617
.1186256785365079,.0248778014635641,-.3283871160573384,1,-.4600753361433274,.1506402706931521
.1899758955522408,-.3076298763971306,.0750909378978464,1,2.09062148944776,.2867560948124692
1.641589302575855,.7220850793998518,.5495469178236261,0,2.51017563737467,.8862900329085126
-.0104653591019506,1.077314182883963,.7644133185189812,1,3.107758938741176,.0929862329061359
-1.020284595234879,-.1854593655210043,-1.76909900104199,1,-1.294969911139137,-.7935717247459508
-.4352835991353605,1.211555621468491,-.3815651561335502,1,2.272420699987366,-.2831296688437679
-.8980432294607029,1.975342651890353,.4374563714639434,1,.3788747891545695,-.8048681104480306
-.8455218602348772,-.5467234330593806,2.532595613953777,1,1.221922382260535,-.4040504302015041
1.568432840279057,1.111428265319823,-1.426855135466045,0,1.548305295830034,.4590674138722077
-2.590940151507739,.9299638349616451,-1.202853293399857,0,1.0818917954991,-1.346910813047228
-1.165566058078156,-.0759035665034337,-.6470729527832614,1,-3.420377801845043,-1.063544990857791
1.520485879636871,.1440959673905958,.4256050313807567,1,.8488978711305459,1.328043817873106
.4651004099303307,.1741914396431805,-.6075760368741647,0,.0883192998118569,.4490186877613469
.7391484272203468,-2.003259215735173,2.132774434757933,0,-.081950684721512,.6120479268549259
-.8025989450497322,-1.432375021882476,1.501469793589921,0,-.8207197913683533,-.4099613077636914
1.230953639945809,1.011790610842957,1.461924413742886,0,3.237114662493082,.9993567021069336
.0919641460864005,-.9148690090083327,2.053886312220867,1,1.322402487734831,.2354267172446357
-1.67333869096884,-.165269358819079,1.135044877896915,1,-2.688622260583854,-1.497710626176198
-.9056321753569665,-.3533225228434462,-1.151113346122112,0,-1.983514132811182,-.5736847355973835
-.1866220675286475,.8092738350176288,.9330156452731715,1,.7287118551114469,-.2819624715599076
-1.241296843713643,-.6280983411455767,1.400853805702576,0,.5282977119468514,-1.22000762929595
-.369784651729206,.361783666357846,-.3131172935920008,0,.2502985715263327,-.3783215024639899
1.309425259582873,1.792609724521356,1.746222659490974,1,4.893965551359914,1.783383906319832
-1.234164137042415,1.275138548072102,.9269783179246288,1,.8373925949489108,-.992634282160558
.2780098049261973,-.4624723183251849,1.413347821645575,1,1.460441443669776,.3826520527927411
-.1289950835112317,.7146613774509269,.0534466354786347,0,.7127709080627215,-.0582135934145764
.3463573577107448,.8347436716052141,-.6150830192230975,1,1.003046038421522,.6380615339075399
-.2303700222729563,-1.37990187860151,-.942390941352088,1,-.6669633005625881,.0779776146521192
.2492696173687063,.2864347452391073,.6012132290351336,1,.9838289311300757,.0463047750509737
1.480856950805382,-.5903053181028929,.4969067943389956,0,.8578963629852131,.9918052905585487
.6386296551385179,.8019384605661459,.846298232986867,0,2.232337658256903,.4106464232843714
-1.721680932266381,-1.471210441257864,.3770232518683708,1,-3.275139213362614,-1.027075911627264
.987146923717853,1.259621506333564,-.468775436010648,1,2.055708816118304,1.149208028415968
-1.059181300827323,.3300547311584168,-1.097955002029928,1,-1.718946187045578,-.916927739082426
.7715280649443542,1.056964563865611,-1.278176663038308,0,-.7577718570581827,.3970244778458987
.2049156944219594,1.145813411166468,.0208669400760023,1,2.442413870284313,.434735892703674
1.113407336170995,.0184404884855236,.3726262180344205,0,1.779747680993162,.9468796243174242
-.1609272269898291,.2706018614968539,.1215465308198316,0,.1977640912830878,-.21031014127548
1.533900330138244,-.2041174127866031,.3124294685390664,0,.3688266844118557,1.189075879202999
-1.846093688701361,-.6133240114571005,1.155979568539792,1,-2.996196590049769,-1.682192537759373
2.572917050008475,-1.518320423986096,.7705676795053874,0,-1.199793305061165,1.010082132361577
.2718582613087299,1.224959158333374,.1414497420505489,0,-.3620182875946314,.5143835106992034
.9652886153981045,2.033076636716993,1.40865405568785,0,2.28866586708314,1.638382365056261
-.8269057111647151,.2475000305663638,-.1757172128241556,1,.3255260818025504,-.6744986634819913
.678828853966268,.5783122441032071,-.1865048493277085,0,1.591668902623729,.5839725286968407
-.6834840550504737,1.428270330424379,.8218980017278457,1,-.7561775942314781,-.778280238224172
